V1;V2;V3;V4;V5;V6;V7
1;6949_5#48;S102;NA;ERS049906;92.6;Harris;S102_N01_C01
2;6949_5#55;S106;NA;ERS049913;83;Harris;S106_N01_C01
3;6949_5#43;S130;NA;ERS049901;89.7;Harris;S130_N01_C01
4;6949_5#61;S21;NA;ERS049919;79.4;Harris;S021_N01_C01
5;6949_5#60;S24;NA;ERS049918;106.7;Harris;S024_N01_C01
6;6949_5#54;S25;NA;ERS049912;89.5;Harris;S025_N01_C01
7;6949_5#52;S26;NA;ERS049910;94;Harris;S026_N01_C01
8;6949_5#56;S2;NA;ERS049914;82.1;Harris;S002_N01_C01
9;6949_5#50;S38;NA;ERS049908;81.9;Harris;S038_N01_C01
10;6949_5#62;S39;NA;ERS049920;77.9;Harris;S039_N01_C01
11;6949_5#47;S40;NA;ERS049905;72;Harris;S040_N01_C01
12;6949_5#58;S42;NA;ERS049916;104.6;Harris;S042_N01_C01
13;6949_5#46;S71;NA;ERS049904;98.2;Harris;S071_N01_C01
14;6949_5#57;S78;NA;ERS049915;81.9;Harris;S078_N01_C01
15;6949_5#49;S7;NA;ERS049907;95.7;Harris;S007_N01_C01
16;6949_5#59;S81;NA;ERS049917;84.1;Harris;S081_N01_C01
17;6949_5#42;S85;NA;ERS049900;83.8;Harris;S085_N01_C01
18;6949_5#44;S87;NA;ERS049902;74.9;Harris;S087_N01_C01
19;6949_5#45;S93;NA;ERS049903;77.5;Harris;S093_N01_C01
20;6949_5#53;S97;NA;ERS049911;85.2;Harris;S097_N01_C01
21;5227_2#4;T102T2;NA;ERS008042;54;Tong;T102_T02_C01
22;12378_8#41;T104T1;ST239;ERS255321;76.58;current;T104_T01_C01
23;5227_2#3;T105N1;NA;ERS008041;67.7;Tong;T105_N01_C01
24;5227_2#2;T107U2;NA;ERS008040;58;Tong;T107_U02_C01
25;4925_8#11;T10N11;NA;ERS008003;172.5;Tong;T010_N11_C01
26;10456_6#21;T10N11_C3;ST239;ERS255208;110;current;T010_N11_C02
27;12162_7#19;T10N11_C1;ST239;ERS255206;123.52;current;T010_N11_C03
28;12162_7#20;T10N11_C2;ST239;ERS255207;126.16;current;T010_N11_C04
29;12162_7#22;T10N11_C4;ST239;ERS255209;129.8;current;T010_N11_C05
30;12162_7#23;T10N11_C5;ST239;ERS255210;127.92;current;T010_N11_C06
31;12162_7#24;T10N11_C6;ST239;ERS255211;122.56;current;T010_N11_C07
32;12162_7#25;T10N11_C7;ST239;ERS255212;130.16;current;T010_N11_C08
33;12162_7#26;T10N11_C8;ST239;ERS255213;125.84;current;T010_N11_C09
34;12378_8#43;T126A12;ST239;ERS255323;127.16;current;T126_A12_C01
35;12378_8#44;T126A15;ST239;ERS255324;124.2;current;T126_A15_C01
36;12378_8#45;T126A17;ST239;ERS255325;130;current;T126_A17_C01
37;12378_8#42;T126A3;ST239;ERS255322;127.32;current;T126_A03_C01
38;12378_8#46;T126C1;ST239;ERS255326;124.24;current;T126_C01_C01
39;12378_8#53;T126C10;ST239;ERS255333;115.2;current;T126_C10_C01
40;12378_8#54;T126C11;ST239;ERS255334;113.32;current;T126_C11_C01
41;12378_8#55;T126C12;ST239;ERS255335;113.48;current;T126_C12_C01
42;12378_8#56;T126C13;ST239;ERS255336;120.92;current;T126_C13_C01
43;12378_8#57;T126C15;ST239;ERS255337;116.4;current;T126_C15_C01
44;12378_8#58;T126C16;ST239;ERS255338;108.36;current;T126_C16_C01
45;12378_8#59;T126C17;ST239;ERS255339;107.28;current;T126_C17_C01
46;12378_8#60;T126C18;ST239;ERS255340;120.04;current;T126_C18_C01
47;12378_8#61;T126C19;ST239;ERS255341;108.3;current;T126_C19_C01
48;12378_8#62;T126C20;ST239;ERS255342;107.19;current;T126_C20_C01
49;12378_8#47;T126C3;ST239;ERS255327;122.4;current;T126_C03_C01
50;12378_8#48;T126C4;ST239;ERS255328;117.64;current;T126_C04_C01
51;12378_8#49;T126C5;ST239;ERS255329;114.64;current;T126_C05_C01
52;12378_8#50;T126C6;ST239;ERS255330;110.88;current;T126_C06_C01
53;12378_8#51;T126C7;ST239;ERS255331;108.51;current;T126_C07_C01
54;12378_8#52;T126C9;ST239;ERS255332;127.24;current;T126_C09_C01
55;5227_1#11;T126N1;NA;ERS008037;90.1;Tong;T126_N01_C01
56;5985_1#10;T126 N1;NA;ERS023843;359.8;Tong;T126_N01_C02
57;5985_1#11;T126 N1;NA;ERS023844;364.9;Tong;T126_N01_C03
58;5985_1#12;T126 N1;NA;ERS023845;424.5;Tong;T126_N01_C04
59;5985_2#1;T126 N1;NA;ERS023846;402.3;Tong;T126_N01_C05
60;5985_2#10;T126 N1;NA;ERS023855;395.6;Tong;T126_N01_C06
61;5985_2#11;T126 N1;NA;ERS023856;413.8;Tong;T126_N01_C07
62;5985_2#2;T126 N1;NA;ERS023847;455.9;Tong;T126_N01_C08
63;5985_2#3;T126 N1;NA;ERS023848;462.6;Tong;T126_N01_C09
64;5985_2#4;T126 N1;NA;ERS023849;410.6;Tong;T126_N01_C10
65;5985_2#5;T126 N1;NA;ERS023850;428.8;Tong;T126_N01_C11
66;5985_2#6;T126 N1;NA;ERS023851;427.6;Tong;T126_N01_C12
67;5985_2#7;T126 N1;NA;ERS023852;387.6;Tong;T126_N01_C13
68;5985_2#8;T126 N1;NA;ERS023853;467.7;Tong;T126_N01_C14
69;5985_2#9;T126 N1;NA;ERS023854;394.4;Tong;T126_N01_C15
70;5985_3#1;T126 N1;NA;ERS023857;539.3;Tong;T126_N01_C16
71;5985_3#2;T126 N1;NA;ERS023858;434.3;Tong;T126_N01_C17
72;5985_3#3;T126 N1;NA;ERS023859;472.2;Tong;T126_N01_C18
73;5985_3#4;T126 N1;NA;ERS023860;485;Tong;T126_N01_C19
74;5985_3#5;T126 N1;NA;ERS023861;444;Tong;T126_N01_C20
75;5985_3#6;T126 N1;NA;ERS023862;447.9;Tong;T126_N01_C21
76;12054_7#26;T126N1_C1;ST239;ERS254832;114.32;current;T126_N01_C22
77;12054_7#27;T126N1_C2;ST239;ERS254833;125.96;current;T126_N01_C23
78;12054_7#28;T126N1_C3;ST239;ERS254834;117.28;current;T126_N01_C24
79;12054_7#29;T126N1_C4;ST239;ERS254835;115.84;current;T126_N01_C25
80;12054_7#30;T126N1_C5;ST239;ERS254836;117.04;current;T126_N01_C26
81;12054_7#31;T126N1_C6;ST239;ERS254837;121.08;current;T126_N01_C27
82;12054_7#32;T126N1_C7;ST239;ERS254838;116.32;current;T126_N01_C28
83;12054_7#33;T126N1_C8;ST239;ERS254839;97.23;current;T126_N01_C29
84;4752_7#8;T126N10;NA;ERS007953;62.4;Tong;T126_N10_C01
85;12054_7#81;T126N10_C1;ST239;ERS254887;89.88;current;T126_N10_C02
86;12054_7#82;T126N10_C2;ST239;ERS254888;86.19;current;T126_N10_C03
87;12054_7#83;T126N10_C3;ST239;ERS254889;103.71;current;T126_N10_C04
88;12054_7#84;T126N10_C4;ST239;ERS254890;117.28;current;T126_N10_C05
89;12054_7#85;T126N10_C5;ST239;ERS254891;115.16;current;T126_N10_C06
90;12054_7#86;T126N10_C6;ST239;ERS254892;114.88;current;T126_N10_C07
91;12054_7#87;T126N10_C7;ST239;ERS254893;111.54;current;T126_N10_C08
92;12054_7#88;T126N10_C8;ST239;ERS254894;105.66;current;T126_N10_C09
93;4752_7#9;T126N11;NA;ERS007954;71.8;Tong;T126_N11_C01
94;12054_7#89;T126N11_C1;ST239;ERS254895;97.47;current;T126_N11_C02
95;12054_7#90;T126N11_C2;ST239;ERS254896;108.6;current;T126_N11_C03
96;12054_7#91;T126N11_C3;ST239;ERS254897;107.46;current;T126_N11_C04
97;12054_7#92;T126N11_C4;ST239;ERS254898;108.48;current;T126_N11_C05
98;12054_7#93;T126N11_C5;ST239;ERS254899;110.61;current;T126_N11_C06
99;12054_7#94;T126N11_C6;ST239;ERS254900;104.46;current;T126_N11_C07
100;12054_8#1;T126N11_C7;ST239;ERS254901;105.75;current;T126_N11_C08
101;12083_7#86;T126N11_C8;ST239;ERS255081;115.72;current;T126_N11_C09
102;4752_7#10;T126N12;NA;ERS007955;65.9;Tong;T126_N12_C01
103;12054_8#2;T126N12_C1;ST239;ERS254902;99.39;current;T126_N12_C02
104;12054_8#3;T126N12_C2;ST239;ERS254903;110.46;current;T126_N12_C03
105;12054_8#4;T126N12_C3;ST239;ERS254904;100.32;current;T126_N12_C04
106;12054_8#5;T126N12_C4;ST239;ERS254905;106.98;current;T126_N12_C05
107;12054_8#6;T126N12_C5;ST239;ERS254906;115.68;current;T126_N12_C06
108;12054_8#7;T126N12_C6;ST239;ERS254907;118.44;current;T126_N12_C07
109;12054_8#8;T126N12_C7;ST239;ERS254908;116;current;T126_N12_C08
110;12054_8#9;T126N12_C8;ST239;ERS254909;101.82;current;T126_N12_C09
111;4752_7#11;T126N13;NA;ERS007956;130.1;Tong;T126_N13_C01
112;5985_5#10;T126 N13;NA;ERS023888;420.2;Tong;T126_N13_C02
113;5985_5#11;T126 N13;NA;ERS023889;393.5;Tong;T126_N13_C03
114;5985_5#5;T126 N13;NA;ERS023883;420.6;Tong;T126_N13_C04
115;5985_5#6;T126 N13;NA;ERS023884;428.3;Tong;T126_N13_C05
116;5985_5#7;T126 N13;NA;ERS023885;415.4;Tong;T126_N13_C06
117;5985_5#8;T126 N13;NA;ERS023886;439.4;Tong;T126_N13_C07
118;5985_5#9;T126 N13;NA;ERS023887;443.5;Tong;T126_N13_C08
119;5985_6#1;T126 N13;NA;ERS023890;544.6;Tong;T126_N13_C09
120;5985_6#10;T126 N13;NA;ERS023899;434.6;Tong;T126_N13_C10
121;5985_6#11;T126 N13;NA;ERS023900;419.3;Tong;T126_N13_C11
122;5985_6#2;T126 N13;NA;ERS023891;516.3;Tong;T126_N13_C12
123;5985_6#3;T126 N13;NA;ERS023892;625.6;Tong;T126_N13_C13
124;5985_6#4;T126 N13;NA;ERS023893;543.9;Tong;T126_N13_C14
125;5985_6#5;T126 N13;NA;ERS023894;469.3;Tong;T126_N13_C15
126;5985_6#6;T126 N13;NA;ERS023895;460.7;Tong;T126_N13_C16
127;5985_6#7;T126 N13;NA;ERS023896;528.3;Tong;T126_N13_C17
128;5985_6#8;T126 N13;NA;ERS023897;525.4;Tong;T126_N13_C18
129;5985_6#9;T126 N13;NA;ERS023898;479.3;Tong;T126_N13_C19
130;5985_7#1;T126 N13;NA;ERS023901;561.2;Tong;T126_N13_C20
131;5985_7#2;T126 N13;NA;ERS023902;471.6;Tong;T126_N13_C21
132;5704_7#5;T126N14;NA;ERS007957;106.8;Tong;T126_N14_C01
133;12054_8#10;T126N14_C1;ST239;ERS254910;99.45;current;T126_N14_C02
134;12054_8#11;T126N14_C2;ST239;ERS254911;113.76;current;T126_N14_C03
135;12054_8#12;T126N14_C3;ST239;ERS254912;112.32;current;T126_N14_C04
136;12054_8#13;T126N14_C4;ST239;ERS254913;122.24;current;T126_N14_C05
137;12054_8#14;T126N14_C5;ST239;ERS254914;130.88;current;T126_N14_C06
138;12054_8#15;T126N14_C6;ST239;ERS254915;128.08;current;T126_N14_C07
139;12054_8#16;T126N14_C7;ST239;ERS254916;122.16;current;T126_N14_C08
140;12054_8#17;T126N14_C8;ST239;ERS254917;113.52;current;T126_N14_C09
141;5150_8#2;T126N15;NA;ERS007958;98.5;Tong;T126_N15_C01
142;12054_8#18;T126N15_C1;ST239;ERS254918;112.52;current;T126_N15_C02
143;12054_8#19;T126N15_C2;ST239;ERS254919;124.84;current;T126_N15_C03
144;12054_8#20;T126N15_C3;ST239;ERS254920;125.76;current;T126_N15_C04
145;12054_8#21;T126N15_C4;ST239;ERS254921;126.44;current;T126_N15_C05
146;12054_8#22;T126N15_C5;ST239;ERS254922;135.24;current;T126_N15_C06
147;12054_8#23;T126N15_C6;ST239;ERS254923;127.72;current;T126_N15_C07
148;12054_8#24;T126N15_C7;ST239;ERS254924;122.68;current;T126_N15_C08
149;12054_8#25;T126N15_C8;ST239;ERS254925;116;current;T126_N15_C09
150;5150_8#3;T126N16;NA;ERS007959;124.7;Tong;T126_N16_C01
151;12054_8#26;T126N16_C1;ST239;ERS254926;108.72;current;T126_N16_C02
152;12054_8#27;T126N16_C2;ST239;ERS254927;120.28;current;T126_N16_C03
153;12054_8#28;T126N16_C3;ST239;ERS254928;121.2;current;T126_N16_C04
154;12054_8#29;T126N16_C4;ST239;ERS254929;121.4;current;T126_N16_C05
155;12054_8#30;T126N16_C5;ST239;ERS254930;124.96;current;T126_N16_C06
156;12054_8#31;T126N16_C6;ST239;ERS254931;127.2;current;T126_N16_C07
157;12054_8#32;T126N16_C7;ST239;ERS254932;121.52;current;T126_N16_C08
158;12054_8#33;T126N16_C8;ST239;ERS254933;111.87;current;T126_N16_C09
159;5150_8#4;T126N17;NA;ERS007960;111.3;Tong;T126_N17_C01
160;5150_8#5;T126N18;NA;ERS007961;90.1;Tong;T126_N18_C01
161;12054_8#34;T126N18_C1;ST239;ERS254934;104.07;current;T126_N18_C02
162;12054_8#35;T126N18_C2;ST239;ERS254935;121.68;current;T126_N18_C03
163;12054_8#36;T126N18_C3;ST239;ERS254936;113.84;current;T126_N18_C04
164;12054_8#37;T126N18_C4;ST239;ERS254937;125.92;current;T126_N18_C05
165;12054_8#38;T126N18_C5;ST239;ERS254938;131.96;current;T126_N18_C06
166;12054_8#39;T126N18_C6;ST239;ERS254939;130.68;current;T126_N18_C07
167;12054_8#40;T126N18_C7;ST239;ERS254940;126.8;current;T126_N18_C08
168;12054_8#41;T126N18_C8;ST239;ERS254941;116;current;T126_N18_C09
169;5150_8#12;T126N19;NA;ERS007968;68;Tong;T126_N19_C01
170;12054_8#42;T126N19_C1;ST239;ERS254942;112.72;current;T126_N19_C02
171;12054_8#43;T126N19_C2;ST239;ERS254943;116.36;current;T126_N19_C03
172;12054_8#44;T126N19_C4;ST239;ERS254944;118.12;current;T126_N19_C04
173;12054_8#45;T126N19_C5;ST239;ERS254945;126.48;current;T126_N19_C05
174;12054_8#46;T126N19_C6;ST239;ERS254946;125.84;current;T126_N19_C06
175;12054_8#47;T126N19_C7;ST239;ERS254947;128.28;current;T126_N19_C07
176;12054_8#48;T126N19_C8;ST239;ERS254948;124.32;current;T126_N19_C08
177;12054_7#34;T126N2_C1;ST239;ERS254840;99.18;current;T126_N02_C01
178;12054_7#35;T126N2_C2;ST239;ERS254841;115.72;current;T126_N02_C02
179;12054_7#36;T126N2_C3;ST239;ERS254842;118.96;current;T126_N02_C03
180;12054_7#37;T126N2_C4;ST239;ERS254843;115.32;current;T126_N02_C04
181;12054_7#38;T126N2_C5;ST239;ERS254844;122.16;current;T126_N02_C05
182;12054_7#39;T126N2_C6;ST239;ERS254845;129.08;current;T126_N02_C06
183;12054_7#40;T126N2_C7;ST239;ERS254846;116.52;current;T126_N02_C07
184;12054_7#41;T126N2_C8;ST239;ERS254847;95.49;current;T126_N02_C08
185;5227_1#9;T126N20;NA;ERS008035;138.6;Tong;T126_N20_C01
186;5985_7#10;T126 N20;NA;ERS023910;390.7;Tong;T126_N20_C02
187;5985_7#11;T126 N20;NA;ERS023911;136.1;Tong;T126_N20_C03
188;5985_7#3;T126 N20;NA;ERS023903;609.4;Tong;T126_N20_C04
189;5985_7#4;T126 N20;NA;ERS023904;560.9;Tong;T126_N20_C05
190;5985_7#5;T126 N20;NA;ERS023905;500.2;Tong;T126_N20_C06
191;5985_7#6;T126 N20;NA;ERS023906;575.2;Tong;T126_N20_C07
192;5985_7#7;T126 N20;NA;ERS023907;459.6;Tong;T126_N20_C08
193;5985_7#8;T126 N20;NA;ERS023908;564.7;Tong;T126_N20_C09
194;5985_7#9;T126 N20;NA;ERS023909;536.3;Tong;T126_N20_C10
195;5985_8#1;T126 N20;NA;ERS023912;525.1;Tong;T126_N20_C11
196;5985_8#10;T126 N20;NA;ERS023921;515;Tong;T126_N20_C12
197;5985_8#11;T126 N20;NA;ERS023922;439.8;Tong;T126_N20_C13
198;5985_8#2;T126 N20;NA;ERS023913;487.9;Tong;T126_N20_C14
199;5985_8#3;T126 N20;NA;ERS023914;516.7;Tong;T126_N20_C15
200;5985_8#4;T126 N20;NA;ERS023915;514.8;Tong;T126_N20_C16
201;5985_8#5;T126 N20;NA;ERS023916;493;Tong;T126_N20_C17
202;5985_8#6;T126 N20;NA;ERS023917;522;Tong;T126_N20_C18
203;5985_8#7;T126 N20;NA;ERS023918;491.7;Tong;T126_N20_C19
204;5985_8#8;T126 N20;NA;ERS023919;547.8;Tong;T126_N20_C20
205;5985_8#9;T126 N20;NA;ERS023920;496.9;Tong;T126_N20_C21
206;4752_7#1;T126N3;NA;ERS007946;70.8;Tong;T126_N03_C01
207;12054_7#42;T126N3_C1;ST239;ERS254848;94.86;current;T126_N03_C02
208;12054_7#43;T126N3_C2;ST239;ERS254849;102.93;current;T126_N03_C03
209;12054_7#44;T126N3_C3;ST239;ERS254850;109.62;current;T126_N03_C04
210;12054_7#45;T126N3_C5;ST239;ERS254851;113.88;current;T126_N03_C05
211;12054_7#46;T126N3_C6;ST239;ERS254852;113.08;current;T126_N03_C06
212;12054_7#47;T126N3_C7;ST239;ERS254853;120.52;current;T126_N03_C07
213;12054_7#48;T126N3_C8;ST239;ERS254854;119.12;current;T126_N03_C08
214;5704_7#2;T126N4;NA;ERS007947;113.6;Tong;T126_N04_C01
215;12054_7#49;T126N4_C1;ST239;ERS254855;98.79;current;T126_N04_C02
216;12054_7#50;T126N4_C2;ST239;ERS254856;97.44;current;T126_N04_C03
217;12054_7#51;T126N4_C3;ST239;ERS254857;113.2;current;T126_N04_C04
218;12054_7#52;T126N4_C4;ST239;ERS254858;114.68;current;T126_N04_C05
219;12054_7#53;T126N4_C5;ST239;ERS254859;105.48;current;T126_N04_C06
220;12054_7#54;T126N4_C6;ST239;ERS254860;117.12;current;T126_N04_C07
221;12054_7#55;T126N4_C7;ST239;ERS254861;119.12;current;T126_N04_C08
222;12054_7#56;T126N4_C8;ST239;ERS254862;129.88;current;T126_N04_C09
223;5704_7#3;T126N5;NA;ERS007948;102.2;Tong;T126_N05_C01
224;12054_7#57;T126N5_C1;ST239;ERS254863;104.94;current;T126_N05_C02
225;12054_7#58;T126N5_C2;ST239;ERS254864;91.23;current;T126_N05_C03
226;12054_7#59;T126N5_C3;ST239;ERS254865;110.19;current;T126_N05_C04
227;12054_7#60;T126N5_C4;ST239;ERS254866;106.83;current;T126_N05_C05
228;12054_7#61;T126N5_C5;ST239;ERS254867;115.44;current;T126_N05_C06
229;12054_7#62;T126N5_C6;ST239;ERS254868;120.12;current;T126_N05_C07
230;12054_7#63;T126N5_C7;ST239;ERS254869;112.64;current;T126_N05_C08
231;12054_7#64;T126N5_C8;ST239;ERS254870;123.2;current;T126_N05_C09
232;4752_7#4;T126N6;NA;ERS007949;112.2;Tong;T126_N06_C01
233;5985_3#10;T126 N6;NA;ERS023866;373.3;Tong;T126_N06_C02
234;5985_3#11;T126 N6;NA;ERS023867;408.6;Tong;T126_N06_C03
235;5985_3#7;T126 N6;NA;ERS023863;450.5;Tong;T126_N06_C04
236;5985_3#8;T126 N6;NA;ERS023864;472.3;Tong;T126_N06_C05
237;5985_3#9;T126 N6;NA;ERS023865;446.7;Tong;T126_N06_C06
238;5985_4#1;T126 N6;NA;ERS023868;364.4;Tong;T126_N06_C07
239;5985_4#10;T126 N6;NA;ERS023877;345;Tong;T126_N06_C08
240;5985_4#11;T126 N6;NA;ERS023878;360;Tong;T126_N06_C09
241;5985_4#2;T126 N6;NA;ERS023869;392.6;Tong;T126_N06_C10
242;5985_4#3;T126 N6;NA;ERS023870;420.4;Tong;T126_N06_C11
243;5985_4#4;T126 N6;NA;ERS023871;404.1;Tong;T126_N06_C12
244;5985_4#5;T126 N6;NA;ERS023872;355.1;Tong;T126_N06_C13
245;5985_4#6;T126 N6;NA;ERS023873;379.5;Tong;T126_N06_C14
246;5985_4#7;T126 N6;NA;ERS023874;374;Tong;T126_N06_C15
247;5985_4#8;T126 N6;NA;ERS023875;388.3;Tong;T126_N06_C16
248;5985_4#9;T126 N6;NA;ERS023876;371.8;Tong;T126_N06_C17
249;5985_5#1;T126 N6;NA;ERS023879;444.2;Tong;T126_N06_C18
250;5985_5#2;T126 N6;NA;ERS023880;433.7;Tong;T126_N06_C19
251;5985_5#3;T126 N6;NA;ERS023881;488.3;Tong;T126_N06_C20
252;5985_5#4;T126 N6;NA;ERS023882;447.7;Tong;T126_N06_C21
253;4752_7#5;T126N7;NA;ERS007950;102.6;Tong;T126_N07_C01
254;5704_7#4;T126N8;NA;ERS007951;130;Tong;T126_N08_C01
255;12054_7#65;T126N8_C1;ST239;ERS254871;99.99;current;T126_N08_C02
256;12054_7#66;T126N8_C2;ST239;ERS254872;89.49;current;T126_N08_C03
257;12054_7#67;T126N8_C3;ST239;ERS254873;95.76;current;T126_N08_C04
258;12054_7#68;T126N8_C4;ST239;ERS254874;96.6;current;T126_N08_C05
259;12054_7#69;T126N8_C5;ST239;ERS254875;103.26;current;T126_N08_C06
260;12054_7#70;T126N8_C6;ST239;ERS254876;104.07;current;T126_N08_C07
261;12054_7#71;T126N8_C7;ST239;ERS254877;106.08;current;T126_N08_C08
262;12054_7#72;T126N8_C8;ST239;ERS254878;115.04;current;T126_N08_C09
263;4752_7#7;T126N9;NA;ERS007952;67.8;Tong;T126_N09_C01
264;12054_7#73;T126N9_C1;ST239;ERS254879;96.75;current;T126_N09_C02
265;12054_7#74;T126N9_C2;ST239;ERS254880;91.08;current;T126_N09_C03
266;12054_7#75;T126N9_C3;ST239;ERS254881;96.15;current;T126_N09_C04
267;12054_7#76;T126N9_C4;ST239;ERS254882;99.21;current;T126_N09_C05
268;12054_7#77;T126N9_C5;ST239;ERS254883;98.4;current;T126_N09_C06
269;12054_7#78;T126N9_C6;ST239;ERS254884;106.44;current;T126_N09_C07
270;12054_7#79;T126N9_C7;ST239;ERS254885;102.99;current;T126_N09_C08
271;12054_7#80;T126N9_C8;ST239;ERS254886;116.16;current;T126_N09_C09
272;12378_8#63;T126W4;ST239;ERS255343;104.82;current;T126_W04_C01
273;12378_8#3;T12A11;ST239;ERS255283;134.96;current;T012_A11_C01
274;12378_8#4;T12A14;ST239;ERS255284;121.28;current;T012_A14_C01
275;12378_8#5;T12A17;ST239;ERS255285;131.56;current;T012_A17_C01
276;12378_8#6;T12A18;ST239;ERS255286;132.36;current;T012_A18_C01
277;12378_8#7;T12A24;ST239;ERS255287;141;current;T012_A24_C01
278;12378_8#8;T12A28;ST239;ERS255288;154.3;current;T012_A28_C01
279;12378_8#2;T12A7;ST239;ERS255282;134;current;T012_A07_C01
280;4925_8#7;T12N1;NA;ERS007999;119.9;Tong;T012_N01_C01
281;12162_7#27;T12N1_C1;ST239;ERS255214;120.76;current;T012_N01_C02
282;12162_7#28;T12N1_C2;ST239;ERS255215;123.04;current;T012_N01_C03
283;12162_7#29;T12N1_C3;ST239;ERS255216;122.44;current;T012_N01_C04
284;12162_7#30;T12N1_C4;ST239;ERS255217;118.64;current;T012_N01_C05
285;12162_7#31;T12N1_C5;ST239;ERS255218;121.16;current;T012_N01_C06
286;12162_7#32;T12N1_C6;ST239;ERS255219;113.64;current;T012_N01_C07
287;12162_7#33;T12N1_C7;ST239;ERS255220;118.2;current;T012_N01_C08
288;12162_7#34;T12N1_C8;ST239;ERS255221;107.88;current;T012_N01_C09
289;11076_2#55;T12N10_C8;ST239;ERS317516;194.11;current;T012_N10_C01
290;12162_7#83;T12N10_C1;ST239;ERS255270;101.04;current;T012_N10_C02
291;12162_7#84;T12N10_C2;ST239;ERS255271;103.71;current;T012_N10_C03
292;12162_7#85;T12N10_C3;ST239;ERS255272;100.29;current;T012_N10_C04
293;12162_7#86;T12N10_C4;ST239;ERS255273;106.2;current;T012_N10_C05
294;12162_7#87;T12N10_C5;ST239;ERS255274;99.27;current;T012_N10_C06
295;12162_7#88;T12N10_C6;ST239;ERS255275;101.85;current;T012_N10_C07
296;12162_7#89;T12N10_C7;ST239;ERS255276;92.01;current;T012_N10_C08
297;12162_6#1;T12N11_C1;ST239;ERS254619;93.99;current;T012_N11_C01
298;12162_6#2;T12N11_C2;ST239;ERS254620;89.07;current;T012_N11_C02
299;12162_6#3;T12N11_C4;ST239;ERS254621;87.03;current;T012_N11_C03
300;12162_6#4;T12N11_C3;ST239;ERS254622;87;current;T012_N11_C04
301;12162_6#5;T12N11_C5;ST239;ERS254623;90.96;current;T012_N11_C05
302;12162_6#6;T12N11_C6;ST239;ERS254624;89.64;current;T012_N11_C06
303;12162_6#7;T12N11_C7;ST239;ERS254625;99.63;current;T012_N11_C07
304;12162_6#8;T12N11_C8;ST239;ERS254626;107.4;current;T012_N11_C08
305;12162_6#10;T12N12_C2;ST239;ERS254628;80.44;current;T012_N12_C01
306;12162_6#11;T12N12_C3;ST239;ERS254629;84.12;current;T012_N12_C02
307;12162_6#12;T12N12_C4;ST239;ERS254630;89.64;current;T012_N12_C03
308;12162_6#13;T12N12_C5;ST239;ERS254631;90.12;current;T012_N12_C04
309;12162_6#14;T12N12_C6;ST239;ERS254632;88.56;current;T012_N12_C05
310;12162_6#15;T12N12_C7;ST239;ERS254633;92.97;current;T012_N12_C06
311;12162_6#16;T12N12_C8;ST239;ERS254634;95.76;current;T012_N12_C07
312;12162_6#9;T12N12_C1;ST239;ERS254627;88.29;current;T012_N12_C08
313;12162_6#17;T12N13_C1;ST239;ERS254635;92.31;current;T012_N13_C01
314;12162_6#18;T12N13_C2;ST239;ERS254636;87.66;current;T012_N13_C02
315;12162_6#19;T12N13_C3;ST239;ERS254637;89.94;current;T012_N13_C03
316;12162_6#20;T12N13_C4;ST239;ERS254638;89.76;current;T012_N13_C04
317;12162_6#21;T12N13_C5;ST239;ERS254639;87.9;current;T012_N13_C05
318;12162_6#22;T12N13_C6;ST239;ERS254640;87.39;current;T012_N13_C06
319;12162_6#23;T12N13_C7;ST239;ERS254641;95.97;current;T012_N13_C07
320;12162_6#24;T12N13_C8;ST239;ERS254642;100.92;current;T012_N13_C08
321;12162_6#25;T12N14_C1;ST239;ERS254643;87.06;current;T012_N14_C01
322;12162_6#26;T12N14_C2;ST239;ERS254644;92.1;current;T012_N14_C02
323;12162_6#27;T12N14_C3;ST239;ERS254645;93.54;current;T012_N14_C03
324;12162_6#28;T12N14_C4;ST239;ERS254646;92.34;current;T012_N14_C04
325;12162_6#29;T12N14_C5;ST239;ERS254647;86.07;current;T012_N14_C05
326;12162_6#30;T12N14_C6;ST239;ERS254648;86.49;current;T012_N14_C06
327;12162_6#31;T12N14_C7;ST239;ERS254649;88.92;current;T012_N14_C07
328;12162_6#32;T12N15_C1;ST239;ERS254650;99.69;current;T012_N15_C01
329;12162_6#33;T12N15_C2;ST239;ERS254651;88.14;current;T012_N15_C02
330;12162_6#34;T12N15_C3;ST239;ERS254652;86.7;current;T012_N15_C03
331;12162_6#35;T12N15_C4;ST239;ERS254653;93.36;current;T012_N15_C04
332;12162_6#36;T12N15_C5;ST239;ERS254654;91.74;current;T012_N15_C05
333;12162_6#37;T12N15_C6;ST239;ERS254655;92.49;current;T012_N15_C06
334;12162_6#38;T12N15_C7;ST239;ERS254656;90.24;current;T012_N15_C07
335;12162_6#39;T12N15_C8;ST239;ERS254657;88.38;current;T012_N15_C08
336;12162_6#40;T12N16_C1;ST239;ERS254658;93.63;current;T012_N16_C01
337;12162_6#41;T12N16_C2;ST239;ERS254659;85.26;current;T012_N16_C02
338;12162_6#42;T12N16_C3;ST239;ERS254660;85.14;current;T012_N16_C03
339;12162_6#43;T12N16_C4;ST239;ERS254661;88.14;current;T012_N16_C04
340;12162_6#44;T12N16_C5;ST239;ERS254662;86.97;current;T012_N16_C05
341;12162_6#45;T12N16_C6;ST239;ERS254663;86.91;current;T012_N16_C06
342;12162_6#46;T12N16_C7;ST239;ERS254664;93.57;current;T012_N16_C07
343;12162_6#47;T12N16_C8;ST239;ERS254665;89.22;current;T012_N16_C08
344;12162_6#48;T12N17_C1;ST239;ERS254666;92.97;current;T012_N17_C01
345;12162_6#49;T12N17_C2;ST239;ERS254667;91.89;current;T012_N17_C02
346;12162_6#50;T12N17_C3;ST239;ERS254668;84.72;current;T012_N17_C03
347;12162_6#51;T12N17_C4;ST239;ERS254669;87.21;current;T012_N17_C04
348;12162_6#52;T12N17_C5;ST239;ERS254670;96.15;current;T012_N17_C05
349;12162_6#53;T12N17_C6;ST239;ERS254671;90.93;current;T012_N17_C06
350;12162_6#54;T12N17_C7;ST239;ERS254672;86.73;current;T012_N17_C07
351;12162_6#55;T12N17_C8;ST239;ERS254673;92.28;current;T012_N17_C08
352;12162_6#56;T12N18_C1;ST239;ERS254674;98.94;current;T012_N18_C01
353;12162_6#57;T12N18_C2;ST239;ERS254675;93.81;current;T012_N18_C02
354;12162_6#58;T12N18_C3;ST239;ERS254676;85.08;current;T012_N18_C03
355;12162_6#59;T12N18_C4;ST239;ERS254677;87.9;current;T012_N18_C04
356;12162_6#60;T12N18_C5;ST239;ERS254678;91.32;current;T012_N18_C05
357;12162_6#61;T12N18_C6;ST239;ERS254679;84.78;current;T012_N18_C06
358;12162_6#62;T12N18_C7;ST239;ERS254680;84.9;current;T012_N18_C07
359;12162_6#63;T12N18_C8;ST239;ERS254681;82.05;current;T012_N18_C08
360;12162_6#64;T12N19_C1;ST239;ERS254682;89.04;current;T012_N19_C01
361;12162_6#65;T12N19_C2;ST239;ERS254683;88.29;current;T012_N19_C02
362;12162_6#66;T12N19_C3;ST239;ERS254684;77.44;current;T012_N19_C03
363;12162_6#67;T12N19_C4;ST239;ERS254685;92.34;current;T012_N19_C04
364;12162_6#68;T12N19_C5;ST239;ERS254686;85.56;current;T012_N19_C05
365;12162_6#69;T12N19_C6;ST239;ERS254687;79.88;current;T012_N19_C06
366;12162_6#70;T12N19_C7;ST239;ERS254688;91.92;current;T012_N19_C07
367;12162_6#71;T12N19_C8;ST239;ERS254689;89.82;current;T012_N19_C08
368;12162_7#35;T12N2_C1;ST239;ERS255222;114.84;current;T012_N02_C01
369;12162_7#36;T12N2_C2;ST239;ERS255223;113.6;current;T012_N02_C02
370;12162_7#37;T12N2_C3;ST239;ERS255224;120.44;current;T012_N02_C03
371;12162_7#38;T12N2_C4;ST239;ERS255225;120.56;current;T012_N02_C04
372;12162_7#39;T12N2_C5;ST239;ERS255226;122.12;current;T012_N02_C05
373;12162_7#40;T12N2_C6;ST239;ERS255227;114.84;current;T012_N02_C06
374;12162_7#41;T12N2_C7;ST239;ERS255228;114;current;T012_N02_C07
375;12162_7#42;T12N2_C8;ST239;ERS255229;107.37;current;T012_N02_C08
376;12162_6#72;T12N20_C1;ST239;ERS254690;93.6;current;T012_N20_C01
377;12162_6#73;T12N20_C2;ST239;ERS254691;88.11;current;T012_N20_C02
378;12162_6#74;T12N20_C3;ST239;ERS254692;91.2;current;T012_N20_C03
379;12162_6#75;T12N20_C5;ST239;ERS254693;83.25;current;T012_N20_C04
380;12162_6#76;T12N20_C4;ST239;ERS254694;92.22;current;T012_N20_C05
381;12162_6#77;T12N20_C6;ST239;ERS254695;87.93;current;T012_N20_C06
382;12162_6#78;T12N20_C7;ST239;ERS254696;94.23;current;T012_N20_C07
383;12162_6#79;T12N20_C8;ST239;ERS254697;93.84;current;T012_N20_C08
384;12162_6#80;T12N21_C1;ST239;ERS254698;98.64;current;T012_N21_C01
385;12162_6#81;T12N21_C2;ST239;ERS254699;88.35;current;T012_N21_C02
386;12162_6#82;T12N21_C3;ST239;ERS254700;85.05;current;T012_N21_C03
387;12162_6#83;T12N21_C4;ST239;ERS254701;90.24;current;T012_N21_C04
388;12162_6#84;T12N21_C5;ST239;ERS254702;97.71;current;T012_N21_C05
389;12162_6#85;T12N21_C6;ST239;ERS254703;105.18;current;T012_N21_C06
390;12162_6#86;T12N21_C7;ST239;ERS254704;97.2;current;T012_N21_C07
391;12162_6#87;T12N21_C8;ST239;ERS254705;94.23;current;T012_N21_C08
392;12083_6#94;T12N22_C8;ST239;ERS254806;85.44;current;T012_N22_C01
393;12162_6#88;T12N22_C1;ST239;ERS254706;97.47;current;T012_N22_C02
394;12162_6#89;T12N22_C2;ST239;ERS254707;99.81;current;T012_N22_C03
395;12162_6#90;T12N22_C3;ST239;ERS254708;103.65;current;T012_N22_C04
396;12162_6#91;T12N22_C4;ST239;ERS254709;97.74;current;T012_N22_C05
397;12162_6#92;T12N22_C5;ST239;ERS254710;97.32;current;T012_N22_C06
398;12162_6#93;T12N22_C6;ST239;ERS254711;97.68;current;T012_N22_C07
399;12162_6#94;T12N22_C7;ST239;ERS254712;93.72;current;T012_N22_C08
400;4925_8#6;T12N24;NA;ERS007998;130.7;Tong;T012_N24_C01
401;12083_6#1;T12N25_C1;ST239;ERS254713;106.29;current;T012_N25_C01
402;12083_6#2;T12N25_C2;ST239;ERS254714;98.79;current;T012_N25_C02
403;12083_6#3;T12N25_C3;ST239;ERS254715;112.24;current;T012_N25_C03
404;12083_6#4;T12N25_C4;ST239;ERS254716;104.85;current;T012_N25_C04
405;12083_6#5;T12N25_C5;ST239;ERS254717;105.78;current;T012_N25_C05
406;12083_6#6;T12N25_C6;ST239;ERS254718;112.2;current;T012_N25_C06
407;12083_6#7;T12N25_C7;ST239;ERS254719;141.3;current;T012_N25_C07
408;12083_6#8;T12N25_C8;ST239;ERS254720;995.4;current;T012_N25_C08
409;12083_6#10;T12N26_C2;ST239;ERS254722;82.68;current;T012_N26_C01
410;12083_6#11;T12N26_C3;ST239;ERS254723;93.24;current;T012_N26_C02
411;12083_6#12;T12N26_C4;ST239;ERS254724;88.23;current;T012_N26_C03
412;12083_6#13;T12N26_C5;ST239;ERS254725;95.97;current;T012_N26_C04
413;12083_6#14;T12N26_C6;ST239;ERS254726;97.08;current;T012_N26_C05
414;12083_6#15;T12N26_C7;ST239;ERS254727;106.2;current;T012_N26_C06
415;12083_6#16;T12N26_C8;ST239;ERS254728;107.28;current;T012_N26_C07
416;12083_6#9;T12N26_C1;ST239;ERS254721;981;current;T012_N26_C08
417;12083_6#17;T12N27_C1;ST239;ERS254729;107.64;current;T012_N27_C01
418;12083_6#18;T12N27_C2;ST239;ERS254730;94.32;current;T012_N27_C02
419;12083_6#19;T12N27_C3;ST239;ERS254731;101.73;current;T012_N27_C03
420;12083_6#20;T12N27_C4;ST239;ERS254732;102.87;current;T012_N27_C04
421;12083_6#21;T12N27_C5;ST239;ERS254733;102.6;current;T012_N27_C05
422;12083_6#22;T12N27_C6;ST239;ERS254734;110.08;current;T012_N27_C06
423;12083_6#23;T12N27_C7;ST239;ERS254735;115.76;current;T012_N27_C07
424;12083_6#24;T12N27_C8;ST239;ERS254736;105.12;current;T012_N27_C08
425;4925_8#5;T12N28;NA;ERS007997;96.6;Tong;T012_N28_C01
426;12083_6#25;T12N28_C1;ST239;ERS254737;99.15;current;T012_N28_C02
427;12083_6#26;T12N28_C2;ST239;ERS254738;97.41;current;T012_N28_C03
428;12083_6#27;T12N28_C3;ST239;ERS254739;105.36;current;T012_N28_C04
429;12083_6#28;T12N28_C4;ST239;ERS254740;98.91;current;T012_N28_C05
430;12083_6#29;T12N28_C5;ST239;ERS254741;100.59;current;T012_N28_C06
431;12083_6#30;T12N28_C6;ST239;ERS254742;97.8;current;T012_N28_C07
432;12083_6#31;T12N28_C7;ST239;ERS254743;100.56;current;T012_N28_C08
433;12083_6#32;T12N28_C8;ST239;ERS254744;99.87;current;T012_N28_C09
434;12162_7#43;T12N4_C1;ST239;ERS255230;116.52;current;T012_N04_C01
435;12162_7#44;T12N4_C2;ST239;ERS255231;122;current;T012_N04_C02
436;12162_7#45;T12N4_C3;ST239;ERS255232;116.32;current;T012_N04_C03
437;12162_7#46;T12N4_C4;ST239;ERS255233;117.44;current;T012_N04_C04
438;12162_7#47;T12N4_C5;ST239;ERS255234;113;current;T012_N04_C05
439;12162_7#48;T12N4_C6;ST239;ERS255235;104.46;current;T012_N04_C06
440;12162_7#49;T12N4_C7;ST239;ERS255236;105;current;T012_N04_C07
441;12162_7#50;T12N4_C8;ST239;ERS255237;110.64;current;T012_N04_C08
442;12162_7#51;T12N5_C1;ST239;ERS255238;123.2;current;T012_N05_C01
443;12162_7#52;T12N5_C2;ST239;ERS255239;140.95;current;T012_N05_C02
444;12162_7#53;T12N5_C3;ST239;ERS255240;125.8;current;T012_N05_C03
445;12162_7#54;T12N5_C4;ST239;ERS255241;127.52;current;T012_N05_C04
446;12162_7#55;T12N5_C5;ST239;ERS255242;128.2;current;T012_N05_C05
447;12162_7#56;T12N5_C6;ST239;ERS255243;122.6;current;T012_N05_C06
448;12162_7#57;T12N5_C7;ST239;ERS255244;121.36;current;T012_N05_C07
449;12162_7#58;T12N5_C8;ST239;ERS255245;113.8;current;T012_N05_C08
450;12162_7#59;T12N6_C1;ST239;ERS255246;113.2;current;T012_N06_C01
451;12162_7#60;T12N6_C2;ST239;ERS255247;113.84;current;T012_N06_C02
452;12162_7#61;T12N6_C3;ST239;ERS255248;112.68;current;T012_N06_C03
453;12162_7#62;T12N6_C4;ST239;ERS255249;121.88;current;T012_N06_C04
454;12162_7#63;T12N6_C5;ST239;ERS255250;139.85;current;T012_N06_C05
455;12162_7#64;T12N6_C6;ST239;ERS255251;111.32;current;T012_N06_C06
456;12162_7#65;T12N6_C7;ST239;ERS255252;118.96;current;T012_N06_C07
457;12162_7#66;T12N6_C8;ST239;ERS255253;119.76;current;T012_N06_C08
458;12162_7#67;T12N7_C1;ST239;ERS255254;118.84;current;T012_N07_C01
459;12162_7#68;T12N7_C2;ST239;ERS255255;114.16;current;T012_N07_C02
460;12162_7#69;T12N7_C3;ST239;ERS255256;109.88;current;T012_N07_C03
461;12162_7#70;T12N7_C4;ST239;ERS255257;112.04;current;T012_N07_C04
462;12162_7#71;T12N7_C5;ST239;ERS255258;111.2;current;T012_N07_C05
463;12162_7#72;T12N7_C6;ST239;ERS255259;103.14;current;T012_N07_C06
464;12162_7#73;T12N7_C7;ST239;ERS255260;96.81;current;T012_N07_C07
465;12162_7#74;T12N7_C8;ST239;ERS255261;99.6;current;T012_N07_C08
466;12162_7#75;T12N9_C1;ST239;ERS255262;100.8;current;T012_N09_C01
467;12162_7#76;T12N9_C2;ST239;ERS255263;101.88;current;T012_N09_C02
468;12162_7#77;T12N9_C3;ST239;ERS255264;105.45;current;T012_N09_C03
469;12162_7#78;T12N9_C4;ST239;ERS255265;104.46;current;T012_N09_C04
470;12162_7#79;T12N9_C5;ST239;ERS255266;95.22;current;T012_N09_C05
471;12162_7#80;T12N9_C6;ST239;ERS255267;103.47;current;T012_N09_C06
472;12162_7#81;T12N9_C7;ST239;ERS255268;93.66;current;T012_N09_C07
473;12162_7#82;T12N9_C8;ST239;ERS255269;92.61;current;T012_N09_C08
474;12378_8#17;T12T10;ST239;ERS255297;130.6;current;T012_T10_C01
475;12378_8#18;T12T11;ST239;ERS255298;122.24;current;T012_T11_C01
476;12378_8#19;T12T12;ST239;ERS255299;128.36;current;T012_T12_C01
477;12378_8#20;T12T13;ST239;ERS255300;137.15;current;T012_T13_C01
478;12378_8#21;T12T14;ST239;ERS255301;135.85;current;T012_T14_C01
479;12378_8#22;T12T15;ST239;ERS255302;148.35;current;T012_T15_C01
480;12378_8#23;T12T16;ST239;ERS255303;150.35;current;T012_T16_C01
481;12378_8#24;T12T17;ST239;ERS255304;143.15;current;T012_T17_C01
482;12378_8#25;T12T18;ST239;ERS255305;118.76;current;T012_T18_C01
483;12378_8#26;T12T19;ST239;ERS255306;118.96;current;T012_T19_C01
484;12378_8#9;T12T2;ST239;ERS255289;127.6;current;T012_T02_C01
485;12378_8#27;T12T20;ST239;ERS255307;112;current;T012_T20_C01
486;12378_8#28;T12T21;ST239;ERS255308;131.92;current;T012_T21_C01
487;12378_8#29;T12T25;ST239;ERS255309;120.08;current;T012_T25_C01
488;12378_8#30;T12T27;ST239;ERS255310;123.56;current;T012_T27_C01
489;12378_8#10;T12T3;ST239;ERS255290;119.56;current;T012_T03_C01
490;12378_8#11;T12T4;ST239;ERS255291;126.04;current;T012_T04_C01
491;12378_8#12;T12T5;ST239;ERS255292;129.44;current;T012_T05_C01
492;12378_8#13;T12T6;ST239;ERS255293;142.2;current;T012_T06_C01
493;12378_8#14;T12T7;ST239;ERS255294;135.48;current;T012_T07_C01
494;12378_8#15;T12T8;ST239;ERS255295;137.8;current;T012_T08_C01
495;12378_8#16;T12T9;ST239;ERS255296;140.55;current;T012_T09_C01
496;12378_8#70;T137C3;ST239;ERS255350;113.44;current;T137_C03_C01
497;12083_7#1;T137N10_C1;ST239;ERS254996;108.96;current;T137_N10_C01
498;12083_7#2;T137N10_C2;ST239;ERS254997;106.11;current;T137_N10_C02
499;12083_7#3;T137N10_C3;ST239;ERS254998;108.84;current;T137_N10_C03
500;12083_7#4;T137N10_C4;ST239;ERS254999;100.26;current;T137_N10_C04
501;12083_7#5;T137N10_C5;ST239;ERS255000;105.27;current;T137_N10_C05
502;12083_7#6;T137N10_C6;ST239;ERS255001;111.32;current;T137_N10_C06
503;12083_7#7;T137N10_C7;ST239;ERS255002;121.28;current;T137_N10_C07
504;12083_7#8;T137N10_C8;ST239;ERS255003;130.44;current;T137_N10_C08
505;12083_7#10;T137N11_C2;ST239;ERS255005;99.99;current;T137_N11_C01
506;12083_7#11;T137N11_C3;ST239;ERS255006;110.88;current;T137_N11_C02
507;12083_7#12;T137N11_C4;ST239;ERS255007;110.92;current;T137_N11_C03
508;12083_7#13;T137N11_C6;ST239;ERS255008;125.76;current;T137_N11_C04
509;12083_7#14;T137N11_C7;ST239;ERS255009;120.2;current;T137_N11_C05
510;12083_7#15;T137N11_C8;ST239;ERS255010;101.04;current;T137_N11_C06
511;12083_7#9;T137N11_C1;ST239;ERS255004;106.53;current;T137_N11_C07
512;5227_1#7;T137N12;NA;ERS008033;64.7;Tong;T137_N12_C01
513;10456_5#17;T137N12_C2;ST239;ERS255012;120.92;current;T137_N12_C02
514;10456_5#18;T137N12_C3;ST239;ERS255013;120.52;current;T137_N12_C03
515;12083_7#16;T137N12_C1;ST239;ERS255011;91.2;current;T137_N12_C04
516;12083_7#19;T137N12_C4;ST239;ERS255014;121.24;current;T137_N12_C05
517;12083_7#20;T137N12_C5;ST239;ERS255015;114.44;current;T137_N12_C06
518;12083_7#21;T137N12_C6;ST239;ERS255016;126.64;current;T137_N12_C07
519;12083_7#22;T137N12_C7;ST239;ERS255017;127;current;T137_N12_C08
520;12083_7#23;T137N12_C8;ST239;ERS255018;123.76;current;T137_N12_C09
521;5227_1#8;T137N3;NA;ERS008034;128.3;Tong;T137_N03_C01
522;12054_8#49;T137N4_C1;ST239;ERS254949;116.48;current;T137_N04_C01
523;12054_8#50;T137N4_C2;ST239;ERS254950;106.65;current;T137_N04_C02
524;12054_8#51;T137N4_C3;ST239;ERS254951;118.28;current;T137_N04_C03
525;12054_8#52;T137N4_C4;ST239;ERS254952;117.4;current;T137_N04_C04
526;12054_8#53;T137N4_C6;ST239;ERS254953;112.4;current;T137_N04_C05
527;12054_8#54;T137N4_C7;ST239;ERS254954;117.48;current;T137_N04_C06
528;12054_8#55;T137N4_C8;ST239;ERS254955;119.32;current;T137_N04_C07
529;12054_8#56;T137N5_C1;ST239;ERS254956;127.56;current;T137_N05_C01
530;12054_8#57;T137N5_C2;ST239;ERS254957;114.2;current;T137_N05_C02
531;12054_8#58;T137N5_C3;ST239;ERS254958;102.87;current;T137_N05_C03
532;12054_8#59;T137N5_C4;ST239;ERS254959;115.28;current;T137_N05_C04
533;12054_8#60;T137N5_C5;ST239;ERS254960;106.02;current;T137_N05_C05
534;12054_8#61;T137N5_C6;ST239;ERS254961;109.44;current;T137_N05_C06
535;12054_8#62;T137N5_C7;ST239;ERS254962;109.2;current;T137_N05_C07
536;12054_8#63;T137N5_C8;ST239;ERS254963;110.2;current;T137_N05_C08
537;12054_8#64;T137N6_C1;ST239;ERS254964;118.76;current;T137_N06_C01
538;12054_8#65;T137N6_C2;ST239;ERS254965;118.68;current;T137_N06_C02
539;12054_8#66;T137N6_C3;ST239;ERS254966;109.4;current;T137_N06_C03
540;12054_8#67;T137N6_C4;ST239;ERS254967;111.24;current;T137_N06_C04
541;12054_8#68;T137N6_C5;ST239;ERS254968;109.28;current;T137_N06_C05
542;12054_8#69;T137N6_C6;ST239;ERS254969;108.54;current;T137_N06_C06
543;12054_8#70;T137N6_C7;ST239;ERS254970;109.11;current;T137_N06_C07
544;12054_8#71;T137N6_C8;ST239;ERS254971;109.29;current;T137_N06_C08
545;12054_8#72;T137N7_C1;ST239;ERS254973;110.68;current;T137_N07_C01
546;12054_8#73;T137N7_C2;ST239;ERS254974;102.18;current;T137_N07_C02
547;12054_8#74;T137N7_C3;ST239;ERS254975;100.17;current;T137_N07_C03
548;12054_8#75;T137N7_C4;ST239;ERS254976;104.01;current;T137_N07_C04
549;12054_8#76;T137N7_C5;ST239;ERS254977;99.72;current;T137_N07_C05
550;12054_8#77;T137N7_C6;ST239;ERS254978;93.66;current;T137_N07_C06
551;12054_8#78;T137N7_C7;ST239;ERS254979;93.69;current;T137_N07_C07
552;12054_8#79;T137N7_C8;ST239;ERS254980;102.72;current;T137_N07_C08
553;12054_8#80;T137N8_C1;ST239;ERS254981;101.07;current;T137_N08_C01
554;12054_8#81;T137N8_C2;ST239;ERS254982;103.32;current;T137_N08_C02
555;12054_8#82;T137N8_C3;ST239;ERS254983;101.4;current;T137_N08_C03
556;12054_8#83;T137N8_C4;ST239;ERS254984;106.17;current;T137_N08_C04
557;12054_8#84;T137N8_C5;ST239;ERS254985;102.87;current;T137_N08_C05
558;12054_8#85;T137N8_C6;ST239;ERS254986;110.68;current;T137_N08_C06
559;12054_8#86;T137N8_C7;ST239;ERS254987;107.49;current;T137_N08_C07
560;12054_8#87;T137N8_C8;ST239;ERS254988;112.08;current;T137_N08_C08
561;12054_8#88;T137N9_C1;ST239;ERS254989;114.56;current;T137_N09_C01
562;12054_8#89;T137N9_C2;ST239;ERS254990;105.66;current;T137_N09_C02
563;12054_8#90;T137N9_C3;ST239;ERS254991;101.46;current;T137_N09_C03
564;12054_8#91;T137N9_C4;ST239;ERS254992;104.91;current;T137_N09_C04
565;12054_8#92;T137N9_C5;ST239;ERS254993;108.33;current;T137_N09_C05
566;12054_8#93;T137N9_C6;ST239;ERS254994;101.7;current;T137_N09_C06
567;12054_8#94;T137N9_C7;ST239;ERS254995;98.7;current;T137_N09_C07
568;12083_7#87;T137N9_C8;ST239;ERS255082;107.82;current;T137_N09_C08
569;12378_8#64;T137T3;ST239;ERS255344;100.44;current;T137_T03_C01
570;12378_8#65;T137T4;ST239;ERS255345;121.16;current;T137_T04_C01
571;12378_8#66;T137T5;ST239;ERS255346;119.44;current;T137_T05_C01
572;12378_8#67;T137T6;ST239;ERS255347;111.76;current;T137_T06_C01
573;12378_8#68;T137T7;ST239;ERS255348;118.64;current;T137_T07_C01
574;12378_8#69;T137T8;ST239;ERS255349;103.65;current;T137_T08_C01
575;12378_8#31;T13A1;ST239;ERS255311;121.92;current;T013_A01_C01
576;12378_8#32;T14A1;ST239;ERS255312;127.4;current;T014_A01_C01
577;5227_1#6;T156W3;NA;ERS008032;74.8;Tong;T156_W03_C01
578;12378_8#71;T159A8;ST239;ERS255351;106.05;current;T159_A08_C01
579;12378_8#72;T159C7;ST239;ERS255352;111.68;current;T159_C07_C01
580;12378_8#73;T159C8;ST239;ERS255353;118.72;current;T159_C08_C01
581;5227_1#3;T159N4;NA;ERS008029;144.1;Tong;T159_N04_C01
582;12083_7#24;T159N4_C1;ST239;ERS255019;130.2;current;T159_N04_C02
583;12083_7#25;T159N4_C2;ST239;ERS255020;120.04;current;T159_N04_C03
584;12083_7#26;T159N4_C3;ST239;ERS255021;119.64;current;T159_N04_C04
585;12083_7#27;T159N4_C4;ST239;ERS255022;122.2;current;T159_N04_C05
586;12083_7#28;T159N4_C5;ST239;ERS255023;119.64;current;T159_N04_C06
587;12083_7#29;T159N4_C6;ST239;ERS255024;123.28;current;T159_N04_C07
588;12083_7#30;T159N4_C7;ST239;ERS255025;124.92;current;T159_N04_C08
589;12083_7#31;T159N4_C8;ST239;ERS255026;116.56;current;T159_N04_C09
590;12083_7#32;T159N5_C1;ST239;ERS255027;133.36;current;T159_N05_C01
591;12083_7#33;T159N5_C2;ST239;ERS255028;114.92;current;T159_N05_C02
592;12083_7#34;T159N5_C3;ST239;ERS255029;109.64;current;T159_N05_C03
593;12083_7#35;T159N5_C4;ST239;ERS255030;115.76;current;T159_N05_C04
594;12083_7#36;T159N5_C5;ST239;ERS255031;112.24;current;T159_N05_C05
595;12083_7#37;T159N5_C6;ST239;ERS255032;125.64;current;T159_N05_C06
596;12083_7#38;T159N5_C7;ST239;ERS255033;130.72;current;T159_N05_C07
597;12083_7#39;T159N5_C8;ST239;ERS255034;129.56;current;T159_N05_C08
598;12083_7#40;T159N6_C1;ST239;ERS255035;136.45;current;T159_N06_C01
599;12083_7#41;T159N6_C2;ST239;ERS255036;125.12;current;T159_N06_C02
600;12083_7#42;T159N6_C3;ST239;ERS255037;129.8;current;T159_N06_C03
601;12083_7#43;T159N6_C4;ST239;ERS255038;117.28;current;T159_N06_C04
602;12083_7#44;T159N6_C5;ST239;ERS255039;117.36;current;T159_N06_C05
603;12083_7#45;T159N6_C6;ST239;ERS255040;124.36;current;T159_N06_C06
604;12083_7#46;T159N6_C7;ST239;ERS255041;121.84;current;T159_N06_C07
605;12083_7#47;T159N6_C8;ST239;ERS255042;127.88;current;T159_N06_C08
606;12083_7#48;T159N7_C1;ST239;ERS255043;134.72;current;T159_N07_C01
607;12083_7#49;T159N7_C2;ST239;ERS255044;125.52;current;T159_N07_C02
608;12083_7#50;T159N7_C3;ST239;ERS255045;117.12;current;T159_N07_C03
609;12083_7#51;T159N7_C4;ST239;ERS255046;121;current;T159_N07_C04
610;12083_7#52;T159N7_C5;ST239;ERS255047;123.52;current;T159_N07_C05
611;12083_7#53;T159N7_C6;ST239;ERS255048;122.72;current;T159_N07_C06
612;12083_7#54;T159N7_C7;ST239;ERS255049;125.4;current;T159_N07_C07
613;5227_1#2;T159N8;NA;ERS008028;80.2;Tong;T159_N08_C01
614;12083_7#55;T159N8_C8;ST239;ERS255050;127.24;current;T159_N08_C02
615;12083_7#56;T159N8_C1;ST239;ERS255051;144.15;current;T159_N08_C03
616;12083_7#57;T159N8_C2;ST239;ERS255052;123.12;current;T159_N08_C04
617;12083_7#58;T159N8_C3;ST239;ERS255053;121.72;current;T159_N08_C05
618;12083_7#59;T159N8_C4;ST239;ERS255054;120.2;current;T159_N08_C06
619;12083_7#60;T159N8_C5;ST239;ERS255055;122.04;current;T159_N08_C07
620;12083_7#61;T159N8_C6;ST239;ERS255056;112;current;T159_N08_C08
621;12083_7#62;T159N8_C7;ST239;ERS255057;112.64;current;T159_N08_C09
622;12083_7#63;T159N8_C8;ST239;ERS255058;115.52;current;T159_N08_C10
623;12083_8#82;T159N8_C5;ST239;ERS255175;109.52;current;T159_N08_C11
624;4950_3#12;T178N3;NA;ERS008026;133;Tong;T178_N03_C01
625;12378_8#74;T178T2;ST239;ERS255354;127.16;current;T178_T02_C01
626;4950_3#11;T182N1;NA;ERS008025;130.9;Tong;T182_N01_C01
627;12378_8#75;T183A8;ST239;ERS255355;125.64;current;T183_A08_C01
628;4950_3#10;T183N2;NA;ERS008024;100.7;Tong;T183_N02_C01
629;12083_7#64;T183N2_C1;ST239;ERS255059;124.92;current;T183_N02_C02
630;12083_7#65;T183N2_C2;ST239;ERS255060;123.24;current;T183_N02_C03
631;12083_7#66;T183N2_C3;ST239;ERS255061;122.92;current;T183_N02_C04
632;12083_7#67;T183N2_C4;ST239;ERS255062;119.36;current;T183_N02_C05
633;12083_7#68;T183N2_C5;ST239;ERS255063;116.28;current;T183_N02_C06
634;12083_7#69;T183N2_C6;ST239;ERS255064;112.2;current;T183_N02_C07
635;12083_7#70;T183N2_C7;ST239;ERS255065;112.76;current;T183_N02_C08
636;12083_7#71;T183N2_C8;ST239;ERS255066;105.66;current;T183_N02_C09
637;12083_7#72;T183N3_C1;ST239;ERS255067;111.24;current;T183_N03_C01
638;12083_7#73;T183N3_C2;ST239;ERS255068;114.2;current;T183_N03_C02
639;12083_7#74;T183N3_C3;ST239;ERS255069;115.6;current;T183_N03_C03
640;12083_7#75;T183N3_C4;ST239;ERS255070;114.56;current;T183_N03_C04
641;12083_7#76;T183N3_C5;ST239;ERS255071;117.12;current;T183_N03_C05
642;12083_7#77;T183N3_C6;ST239;ERS255072;112.04;current;T183_N03_C06
643;12083_7#78;T183N3_C7;ST239;ERS255073;103.98;current;T183_N03_C07
644;12083_7#79;T183N3_C8;ST239;ERS255074;100.89;current;T183_N03_C08
645;12083_7#80;T183N5_C3;ST239;ERS255075;110.52;current;T183_N05_C01
646;12083_7#81;T183N5_C4;ST239;ERS255076;120.64;current;T183_N05_C02
647;12083_8#83;T183N5_C1;ST239;ERS255176;110.44;current;T183_N05_C03
648;12083_8#84;T183N5_C2;ST239;ERS255177;122.2;current;T183_N05_C04
649;12083_8#85;T183N5_C6;ST239;ERS255178;112.04;current;T183_N05_C05
650;12083_8#86;T183N5_C7;ST239;ERS255179;114.32;current;T183_N05_C06
651;12083_8#87;T183N5_C8;ST239;ERS255180;107.91;current;T183_N05_C07
652;12083_8#88;T183N5_C5;ST239;ERS255181;105.69;current;T183_N05_C08
653;12083_7#88;T183N6_C1;ST239;ERS255083;112.92;current;T183_N06_C01
654;12083_7#89;T183N6_C2;ST239;ERS255084;131.96;current;T183_N06_C02
655;12083_7#90;T183N6_C3;ST239;ERS255085;120.56;current;T183_N06_C03
656;12083_7#91;T183N6_C4;ST239;ERS255086;120.08;current;T183_N06_C04
657;12083_7#92;T183N6_C5;ST239;ERS255087;113.6;current;T183_N06_C05
658;12083_7#93;T183N6_C6;ST239;ERS255088;114.6;current;T183_N06_C06
659;12083_7#94;T183N6_C7;ST239;ERS255089;114.72;current;T183_N06_C07
660;4950_3#9;T183N8;NA;ERS008023;108.2;Tong;T183_N08_C01
661;12083_7#82;T183N8_C1;ST239;ERS255077;114.24;current;T183_N08_C02
662;12083_7#83;T183N8_C2;ST239;ERS255078;110.12;current;T183_N08_C03
663;12083_7#84;T183N8_C3;ST239;ERS255079;111.2;current;T183_N08_C04
664;12083_7#85;T183N8_C4;ST239;ERS255080;106.56;current;T183_N08_C05
665;12083_8#50;T183N8_C5;ST239;ERS255143;107.61;current;T183_N08_C06
666;12083_8#51;T183N8_C6;ST239;ERS255144;113.84;current;T183_N08_C07
667;12083_8#52;T183N8_C7;ST239;ERS255145;107.64;current;T183_N08_C08
668;12083_8#53;T183N8_C8;ST239;ERS255146;99.15;current;T183_N08_C09
669;12378_8#76;T183T2;ST239;ERS255356;121.96;current;T183_T02_C01
670;12378_8#77;T183T3;ST239;ERS255357;118.36;current;T183_T03_C01
671;12378_8#78;T183T5;ST239;ERS255358;118.24;current;T183_T05_C01
672;12378_8#79;T183T6;ST239;ERS255359;118.08;current;T183_T06_C01
673;12378_8#80;T183T7;ST239;ERS255360;120.76;current;T183_T07_C01
674;12378_8#81;T183T8;ST239;ERS255361;116.52;current;T183_T08_C01
675;12378_8#82;T188C1;ST239;ERS255362;137.24;current;T188_C01_C01
676;4950_3#8;T188N1;NA;ERS008022;96.5;Tong;T188_N01_C01
677;12162_8#1;T188N2_C3;ST239;ERS255374;105.99;current;T188_N02_C01
678;12162_8#2;T188N2_C4;ST239;ERS255375;103.56;current;T188_N02_C02
679;12162_8#3;T188N2_C5;ST239;ERS255376;106.17;current;T188_N02_C03
680;12162_8#4;T188N2_C6;ST239;ERS255377;98.76;current;T188_N02_C04
681;12162_8#5;T188N2_C7;ST239;ERS255378;99.72;current;T188_N02_C05
682;12162_8#6;T188N2_C8;ST239;ERS255379;103.41;current;T188_N02_C06
683;12378_8#92;T188N2_C1;ST239;ERS255372;129.76;current;T188_N02_C07
684;12378_8#93;T188N2_C2;ST239;ERS255373;129.52;current;T188_N02_C08
685;4950_3#7;T188N3;NA;ERS008021;133.4;Tong;T188_N03_C01
686;12162_8#10;T188N3_C4;ST239;ERS255383;92.43;current;T188_N03_C02
687;12162_8#11;T188N3_C5;ST239;ERS255384;105.24;current;T188_N03_C03
688;12162_8#12;T188N3_C6;ST239;ERS255385;101.49;current;T188_N03_C04
689;12162_8#13;T188N3_C7;ST239;ERS255386;109.29;current;T188_N03_C05
690;12162_8#14;T188N3_C8;ST239;ERS255387;112.52;current;T188_N03_C06
691;12162_8#7;T188N3_C1;ST239;ERS255380;106.65;current;T188_N03_C07
692;12162_8#8;T188N3_C2;ST239;ERS255381;118.36;current;T188_N03_C08
693;12162_8#9;T188N3_C3;ST239;ERS255382;100.8;current;T188_N03_C09
694;4950_3#6;T192T3;NA;ERS008020;92.3;Tong;T192_T03_C01
695;12378_8#83;T194A1;ST239;ERS255363;129.64;current;T194_A01_C01
696;12378_8#87;T194C1;ST239;ERS255367;132.96;current;T194_C01_C01
697;4950_3#5;T194N1;NA;ERS008019;119.2;Tong;T194_N01_C01
698;12162_8#15;T194N1_C1;ST239;ERS255388;110.8;current;T194_N01_C02
699;12162_8#16;T194N1_C2;ST239;ERS255389;118.88;current;T194_N01_C03
700;12162_8#17;T194N1_C3;ST239;ERS255390;106.02;current;T194_N01_C04
701;12162_8#18;T194N1_C4;ST239;ERS255391;102.06;current;T194_N01_C05
702;12162_8#19;T194N1_C5;ST239;ERS255392;107.7;current;T194_N01_C06
703;12162_8#20;T194N1_C6;ST239;ERS255393;107.97;current;T194_N01_C07
704;12162_8#21;T194N1_C7;ST239;ERS255394;107.8;current;T194_N01_C08
705;12162_8#22;T194N1_C8;ST239;ERS255395;113.72;current;T194_N01_C09
706;12162_8#23;T194N3_C1;ST239;ERS255396;112.56;current;T194_N03_C01
707;12162_8#24;T194N3_C2;ST239;ERS255397;120.48;current;T194_N03_C02
708;12162_8#25;T194N3_C3;ST239;ERS255399;119.36;current;T194_N03_C03
709;12162_8#26;T194N3_C4;ST239;ERS255400;106.17;current;T194_N03_C04
710;12162_8#27;T194N3_C5;ST239;ERS255401;105.24;current;T194_N03_C05
711;12162_8#28;T194N3_C6;ST239;ERS255402;103.92;current;T194_N03_C06
712;12162_8#29;T194N3_C7;ST239;ERS255403;109;current;T194_N03_C07
713;12162_8#30;T194N3_C8;ST239;ERS255404;111.88;current;T194_N03_C08
714;4950_3#4;T194N4;NA;ERS008018;92.9;Tong;T194_N04_C01
715;12162_8#31;T194N4_C1;ST239;ERS255405;111.28;current;T194_N04_C02
716;12162_8#32;T194N4_C2;ST239;ERS255406;79.24;current;T194_N04_C03
717;12162_8#33;T194N4_C3;ST239;ERS255407;127.28;current;T194_N04_C04
718;12162_8#34;T194N4_C4;ST239;ERS255408;101.94;current;T194_N04_C05
719;12162_8#35;T194N4_C5;ST239;ERS255409;109.56;current;T194_N04_C06
720;12162_8#36;T194N4_C6;ST239;ERS255410;104.67;current;T194_N04_C07
721;12162_8#37;T194N4_C7;ST239;ERS255411;108.6;current;T194_N04_C08
722;12162_8#38;T194N4_C8;ST239;ERS255412;114.64;current;T194_N04_C09
723;12378_8#84;T194T1;ST239;ERS255364;130.32;current;T194_T01_C01
724;12378_8#85;T194T2;ST239;ERS255365;128.44;current;T194_T02_C01
725;12378_8#86;T194T3;ST239;ERS255366;140.4;current;T194_T03_C01
726;12378_8#88;T194W2;ST239;ERS255368;112.64;current;T194_W02_C01
727;12378_8#89;T197A1;ST239;ERS255369;113.6;current;T197_A01_C01
728;12378_8#90;T197A2;ST239;ERS255370;134.92;current;T197_A02_C01
729;12378_8#91;T197A3;ST239;ERS255371;133.52;current;T197_A03_C01
730;12083_8#78;T197C1;ST239;ERS255171;120.16;current;T197_C01_C01
731;12083_8#65;T197C2;ST239;ERS255158;122.36;current;T197_C02_C01
732;12083_8#64;T197C3;ST239;ERS255157;108.15;current;T197_C03_C01
733;4950_3#3;T197N1;NA;ERS008017;165.3;Tong;T197_N01_C01
734;12162_8#39;T197N1_C1;ST239;ERS255413;114.16;current;T197_N01_C02
735;12162_8#40;T197N1_C2;ST239;ERS255414;115.08;current;T197_N01_C03
736;12162_8#41;T197N1_C3;ST239;ERS255415;131.12;current;T197_N01_C04
737;12162_8#42;T197N1_C4;ST239;ERS255416;110.72;current;T197_N01_C05
738;12162_8#43;T197N1_C5;ST239;ERS255417;113.24;current;T197_N01_C06
739;12162_8#44;T197N1_C6;ST239;ERS255418;115.4;current;T197_N01_C07
740;12162_8#45;T197N1_C7;ST239;ERS255419;119.92;current;T197_N01_C08
741;12162_8#46;T197N1_C8;ST239;ERS255420;118.28;current;T197_N01_C09
742;12162_8#47;T197N2_C1;ST239;ERS255421;115.44;current;T197_N02_C01
743;12162_8#48;T197N2_C2;ST239;ERS255422;120.28;current;T197_N02_C02
744;12162_8#49;T197N2_C3;ST239;ERS255423;152.9;current;T197_N02_C03
745;12162_8#50;T197N2_C4;ST239;ERS255424;132.88;current;T197_N02_C04
746;12162_8#51;T197N2_C5;ST239;ERS255425;129.56;current;T197_N02_C05
747;12162_8#52;T197N2_C6;ST239;ERS255426;130.28;current;T197_N02_C06
748;12162_8#53;T197N2_C7;ST239;ERS255427;130.56;current;T197_N02_C07
749;12162_8#54;T197N2_C8;ST239;ERS255428;130.96;current;T197_N02_C08
750;4950_3#2;T197N3;NA;ERS008016;160.7;Tong;T197_N03_C01
751;12162_8#55;T197N3_C1;ST239;ERS255429;119.88;current;T197_N03_C02
752;12162_8#56;T197N3_C2;ST239;ERS255430;124.36;current;T197_N03_C03
753;12162_8#57;T197N3_C3;ST239;ERS255431;151.25;current;T197_N03_C04
754;12162_8#58;T197N3_C4;ST239;ERS255432;138.9;current;T197_N03_C05
755;12162_8#59;T197N3_C5;ST239;ERS255433;139.05;current;T197_N03_C06
756;12162_8#60;T197N3_C6;ST239;ERS255434;127.68;current;T197_N03_C07
757;12162_8#61;T197N3_C7;ST239;ERS255435;122.04;current;T197_N03_C08
758;12162_8#62;T197N3_C8;ST239;ERS255436;116.52;current;T197_N03_C09
759;12083_8#63;T197W1;ST239;ERS255156;109.29;current;T197_W01_C01
760;12083_8#62;T197W2;ST239;ERS255155;110.72;current;T197_W02_C01
761;12083_8#61;T197W3;ST239;ERS255154;104.82;current;T197_W03_C01
762;4925_8#4;T20N1;NA;ERS007996;100;Tong;T020_N01_C01
763;12083_6#33;T20N1_C1;ST239;ERS254745;95.34;current;T020_N01_C02
764;12083_6#34;T20N1_C2;ST239;ERS254746;92.4;current;T020_N01_C03
765;12083_6#35;T20N1_C4;ST239;ERS254747;102.27;current;T020_N01_C04
766;12083_6#36;T20N1_C5;ST239;ERS254748;98.52;current;T020_N01_C05
767;12083_6#37;T20N1_C6;ST239;ERS254749;104.73;current;T020_N01_C06
768;12083_6#38;T20N1_C7;ST239;ERS254750;102.6;current;T020_N01_C07
769;12083_6#39;T20N1_C8;ST239;ERS254751;105.12;current;T020_N01_C08
770;12083_8#54;T20N1_C3;ST239;ERS255147;110.6;current;T020_N01_C09
771;4925_8#3;T20N2;NA;ERS007995;127.4;Tong;T020_N02_C01
772;12083_6#41;T20N2_C1;ST239;ERS254753;97.83;current;T020_N02_C02
773;12083_6#42;T20N2_C2;ST239;ERS254754;94.14;current;T020_N02_C03
774;12083_6#43;T20N2_C3;ST239;ERS254755;99.69;current;T020_N02_C04
775;12083_6#44;T20N2_C4;ST239;ERS254756;98.1;current;T020_N02_C05
776;12083_6#45;T20N2_C5;ST239;ERS254757;96.9;current;T020_N02_C06
777;12083_6#46;T20N2_C6;ST239;ERS254758;94.53;current;T020_N02_C07
778;12083_6#47;T20N2_C7;ST239;ERS254759;95.79;current;T020_N02_C08
779;12083_6#48;T20N2_C8;ST239;ERS254760;96.03;current;T020_N02_C09
780;4925_8#2;T21N6;NA;ERS007994;226.1;Tong;T021_N06_C01
781;4950_3#1;T223A1;NA;ERS008015;168.8;Tong;T223_A01_C01
782;4925_7#12;T225N1;NA;ERS007992;125.9;Tong;T225_N01_C01
783;4925_7#11;T230C2;NA;ERS007991;152.5;Tong;T230_C02_C01
784;4925_7#9;T232N2;NA;ERS007989;106.7;Tong;T232_N02_C01
785;12162_8#71;T232N2_C1;ST239;ERS255445;101.25;current;T232_N02_C02
786;12162_8#72;T232N2_C2;ST239;ERS255446;99.27;current;T232_N02_C03
787;12162_8#73;T232N2_C3;ST239;ERS255447;149.05;current;T232_N02_C04
788;12162_8#74;T232N2_C4;ST239;ERS255448;144.6;current;T232_N02_C05
789;12162_8#75;T232N2_C5;ST239;ERS255449;140.64;current;T232_N02_C06
790;12162_8#76;T232N2_C6;ST239;ERS255450;135.64;current;T232_N02_C07
791;12162_8#77;T232N2_C7;ST239;ERS255451;129.48;current;T232_N02_C08
792;12162_8#78;T232N2_C8;ST239;ERS255452;112.2;current;T232_N02_C09
793;4925_7#10;T232T1;NA;ERS007990;118.4;Tong;T232_T01_C01
794;12083_8#59;T232T2;ST239;ERS255152;121.88;current;T232_T02_C01
795;12083_8#68;T234C3;ST239;ERS255161;103.74;current;T234_C03_C01
796;4925_7#7;T234N4;NA;ERS007987;81.2;Tong;T234_N04_C01
797;12162_8#79;T234N4_C1;ST239;ERS255453;95.46;current;T234_N04_C02
798;12162_8#80;T234N4_C2;ST239;ERS255454;103.14;current;T234_N04_C03
799;12162_8#81;T234N4_C3;ST239;ERS255455;136.24;current;T234_N04_C04
800;12162_8#82;T234N4_C4;ST239;ERS255456;136.52;current;T234_N04_C05
801;12162_8#83;T234N4_C5;ST239;ERS255457;135.84;current;T234_N04_C06
802;12162_8#84;T234N4_C6;ST239;ERS255458;135.36;current;T234_N04_C07
803;12162_8#85;T234N4_C7;ST239;ERS255459;130.96;current;T234_N04_C08
804;12162_8#86;T234N4_C8;ST239;ERS255460;117.08;current;T234_N04_C09
805;4925_7#8;T234W2;NA;ERS007988;89.8;Tong;T234_W02_C01
806;5150_8#10;T241N2;NA;ERS007966;67.1;Tong;T241_N02_C01
807;12083_8#67;T249A2;ST239;ERS255160;105.09;current;T249_A02_C01
808;12083_8#66;T249A3;ST239;ERS255159;121.52;current;T249_A03_C01
809;4925_7#5;T249N3;NA;ERS007985;184.6;Tong;T249_N03_C01
810;12083_8#1;T249N3_C8;ST239;ERS255090;134.28;current;T249_N03_C02
811;12162_8#87;T249N3_C1;ST239;ERS255461;100.44;current;T249_N03_C03
812;12162_8#88;T249N3_C2;ST239;ERS255462;93.75;current;T249_N03_C04
813;12162_8#89;T249N3_C3;ST239;ERS255463;131.96;current;T249_N03_C05
814;12162_8#90;T249N3_C4;ST239;ERS255464;132.6;current;T249_N03_C06
815;12162_8#91;T249N3_C5;ST239;ERS255465;135.96;current;T249_N03_C07
816;12162_8#92;T249N3_C6;ST239;ERS255466;129.88;current;T249_N03_C08
817;12162_8#93;T249N3_C7;ST239;ERS255467;131.28;current;T249_N03_C09
818;4925_7#6;T249T1;NA;ERS007986;118.8;Tong;T249_T01_C01
819;12083_8#77;T249T2;ST239;ERS255170;122.48;current;T249_T02_C01
820;12083_8#76;T249T3;ST239;ERS255169;121.24;current;T249_T03_C01
821;4925_7#4;T270U1;NA;ERS007984;103.9;Tong;T270_U01_C01
822;12083_8#75;T271A3;ST239;ERS255168;136.92;current;T271_A03_C01
823;4925_7#3;T271C1;NA;ERS007983;183.5;Tong;T271_C01_C01
824;12083_8#2;T271N3_C1;ST239;ERS255091;134.56;current;T271_N03_C01
825;12083_8#3;T271N3_C2;ST239;ERS255092;142.4;current;T271_N03_C02
826;12083_8#4;T271N3_C3;ST239;ERS255093;139.45;current;T271_N03_C03
827;12083_8#5;T271N3_C4;ST239;ERS255094;136.8;current;T271_N03_C04
828;12083_8#6;T271N3_C5;ST239;ERS255095;138.72;current;T271_N03_C05
829;12083_8#7;T271N3_C6;ST239;ERS255096;135.6;current;T271_N03_C06
830;12083_8#8;T271N3_C7;ST239;ERS255097;145.25;current;T271_N03_C07
831;12083_8#9;T271N3_C8;ST239;ERS255098;107.43;current;T271_N03_C08
832;4925_7#2;T271N4;NA;ERS007982;190;Tong;T271_N04_C01
833;12083_8#10;T271N4_C1;ST239;ERS255099;102.81;current;T271_N04_C02
834;12083_8#11;T271N4_C2;ST239;ERS255100;110.37;current;T271_N04_C03
835;12083_8#12;T271N4_C3;ST239;ERS255101;112.16;current;T271_N04_C04
836;12083_8#13;T271N4_C4;ST239;ERS255102;116.92;current;T271_N04_C05
837;12083_8#14;T271N4_C5;ST239;ERS255103;125.88;current;T271_N04_C06
838;12083_8#15;T271N4_C6;ST239;ERS255104;130.8;current;T271_N04_C07
839;12083_8#16;T271N4_C7;ST239;ERS255105;147.25;current;T271_N04_C08
840;12083_8#17;T271N4_C8;ST239;ERS255106;115.16;current;T271_N04_C09
841;12083_8#74;T271T1;ST239;ERS255167;119.68;current;T271_T01_C01
842;12083_8#73;T271T2;ST239;ERS255166;120.28;current;T271_T02_C01
843;12083_8#58;T271T3;ST239;ERS255151;119.52;current;T271_T03_C01
844;12083_8#80;T271W4;ST239;ERS255173;112.4;current;T271_W04_C01
845;5704_8#5;T28C2;NA;ERS008062;301.5;Tong;T028_C02_C01
846;4925_6#9;T301T2;NA;ERS007977;159.3;Tong;T301_T02_C01
847;4925_6#8;T303N3;NA;ERS007976;72.7;Tong;T303_N03_C01
848;12083_8#79;T322C2;ST239;ERS255172;107.96;current;T322_C02_C01
849;4925_6#7;T322N2;NA;ERS007975;125.1;Tong;T322_N02_C01
850;4925_6#6;T327N2;NA;ERS007974;242.6;Tong;T327_N02_C01
851;12083_8#18;T327N2_C1;ST239;ERS255107;103.47;current;T327_N02_C02
852;12083_8#19;T327N2_C2;ST239;ERS255108;104.79;current;T327_N02_C03
853;12083_8#20;T327N2_C3;ST239;ERS255109;115.88;current;T327_N02_C04
854;12083_8#21;T327N2_C4;ST239;ERS255110;113.92;current;T327_N02_C05
855;12083_8#22;T327N2_C5;ST239;ERS255111;124.72;current;T327_N02_C06
856;12083_8#23;T327N2_C6;ST239;ERS255112;127.92;current;T327_N02_C07
857;12083_8#24;T327N2_C7;ST239;ERS255113;127.12;current;T327_N02_C08
858;12083_8#25;T327N2_C8;ST239;ERS255114;106.08;current;T327_N02_C09
859;12083_8#81;T327T1;ST239;ERS255174;116.64;current;T327_T01_C01
860;12083_8#26;T330N1_C1;ST239;ERS255115;107.22;current;T330_N01_C01
861;12083_8#27;T330N1_C2;ST239;ERS255116;113.36;current;T330_N01_C02
862;12083_8#28;T330N1_C3;ST239;ERS255117;104.61;current;T330_N01_C03
863;12083_8#29;T330N1_C4;ST239;ERS255118;110.07;current;T330_N01_C04
864;12083_8#30;T330N1_C5;ST239;ERS255119;103.26;current;T330_N01_C05
865;12083_8#31;T330N1_C6;ST239;ERS255120;112.32;current;T330_N01_C06
866;12083_8#32;T330N1_C7;ST239;ERS255121;113.52;current;T330_N01_C07
867;12083_8#33;T330N1_C8;ST239;ERS255122;96.21;current;T330_N01_C08
868;4925_6#5;T330T1;NA;ERS007973;105.4;Tong;T330_T01_C01
869;4925_6#4;T335A2;NA;ERS007972;139.6;Tong;T335_A02_C01
870;4925_6#3;T341T1;NA;ERS007971;180.2;Tong;T341_T01_C01
871;5150_8#11;T353N1;NA;ERS007967;97.2;Tong;T353_N01_C01
872;12083_8#72;T358C1;ST239;ERS255165;101.34;current;T358_C01_C01
873;12083_8#71;T358C2;ST239;ERS255164;101.01;current;T358_C02_C01
874;4925_6#2;T358N1;NA;ERS007970;125.4;Tong;T358_N01_C01
875;12083_8#34;T358N1_C1;ST239;ERS255123;94.17;current;T358_N01_C02
876;12083_8#35;T358N1_C2;ST239;ERS255124;111.36;current;T358_N01_C03
877;12083_8#36;T358N1_C3;ST239;ERS255125;110.12;current;T358_N01_C04
878;12083_8#37;T358N1_C4;ST239;ERS255126;114.28;current;T358_N01_C05
879;12083_8#38;T358N1_C5;ST239;ERS255127;105.21;current;T358_N01_C06
880;12083_8#39;T358N1_C6;ST239;ERS255128;104.52;current;T358_N01_C07
881;12083_8#40;T358N1_C7;ST239;ERS255129;104.43;current;T358_N01_C08
882;12083_8#41;T358N1_C8;ST239;ERS255130;107.68;current;T358_N01_C09
883;4925_6#1;T358N2;NA;ERS007969;140.3;Tong;T358_N02_C01
884;12083_8#42;T358N2_C1;ST239;ERS255131;103.44;current;T358_N02_C02
885;12083_8#43;T358N2_C2;ST239;ERS255132;104.64;current;T358_N02_C03
886;12083_8#44;T358N2_C3;ST239;ERS255133;102;current;T358_N02_C04
887;12083_8#45;T358N2_C4;ST239;ERS255134;105.36;current;T358_N02_C05
888;12083_8#46;T358N2_C5;ST239;ERS255135;93.54;current;T358_N02_C06
889;12083_8#47;T358N2_C6;ST239;ERS255136;97.02;current;T358_N02_C07
890;12083_8#48;T358N2_C7;ST239;ERS255137;98.16;current;T358_N02_C08
891;12083_8#49;T358N2_C8;ST239;ERS255138;117.68;current;T358_N02_C09
892;12083_8#70;T358W1;ST239;ERS255163;103.92;current;T358_W01_C01
893;12083_8#69;T358W2;ST239;ERS255162;97.11;current;T358_W02_C01
894;5704_7#12;T35N2;NA;ERS008061;110.1;Tong;T035_N02_C01
895;5704_7#11;T35N4;NA;ERS008059;78.3;Tong;T035_N04_C01
896;12083_6#40;T35N4_C1;ST239;ERS254752;96.72;current;T035_N04_C02
897;5150_8#9;T40N1;NA;ERS007965;75.2;Tong;T040_N01_C01
898;5150_8#1;T56H1;NA;ERS008060;141.9;Tong;T056_H01_C01
899;5150_8#6;T59N1;NA;ERS007962;48.5;Tong;T059_N01_C01
900;5150_8#7;T59N2;NA;ERS007963;122.1;Tong;T059_N02_C01
901;12083_6#49;T59N2_C1;ST239;ERS254761;108.24;current;T059_N02_C02
902;12083_6#50;T59N2_C2;ST239;ERS254762;103.71;current;T059_N02_C03
903;12083_6#51;T59N2_C3;ST239;ERS254763;115.68;current;T059_N02_C04
904;12083_6#52;T59N2_C4;ST239;ERS254764;109.59;current;T059_N02_C05
905;12083_6#53;T59N2_C5;ST239;ERS254765;106.38;current;T059_N02_C06
906;12083_6#54;T59N2_C6;ST239;ERS254766;108.6;current;T059_N02_C07
907;12083_6#55;T59N2_C7;ST239;ERS254767;108.84;current;T059_N02_C08
908;12083_6#56;T59N2_C8;ST239;ERS254768;106.05;current;T059_N02_C09
909;5150_8#8;T59N3;NA;ERS007964;96;Tong;T059_N03_C01
910;12083_6#57;T59N3_C1;ST239;ERS254769;103.26;current;T059_N03_C02
911;12083_6#58;T59N3_C2;ST239;ERS254770;101.07;current;T059_N03_C03
912;12083_6#59;T59N3_C3;ST239;ERS254771;104.94;current;T059_N03_C04
913;12083_6#60;T59N3_C4;ST239;ERS254772;100.26;current;T059_N03_C05
914;12083_6#61;T59N3_C5;ST239;ERS254773;100.05;current;T059_N03_C06
915;12083_6#62;T59N3_C6;ST239;ERS254774;102.54;current;T059_N03_C07
916;12083_6#63;T59N3_C7;ST239;ERS254775;101.64;current;T059_N03_C08
917;12083_6#64;T59N3_C8;ST239;ERS254776;97.77;current;T059_N03_C09
918;5704_7#10;T65N2;NA;ERS008058;100.8;Tong;T065_N02_C01
919;5704_7#9;T65N3;NA;ERS008057;114;Tong;T065_N03_C01
920;12083_6#65;T65N3_C1;ST239;ERS254777;90;current;T065_N03_C02
921;12083_6#66;T65N3_C2;ST239;ERS254778;90.87;current;T065_N03_C03
922;12083_6#67;T65N3_C3;ST239;ERS254779;98.61;current;T065_N03_C04
923;12083_6#68;T65N3_C4;ST239;ERS254780;98.46;current;T065_N03_C05
924;12083_6#69;T65N3_C5;ST239;ERS254781;93.63;current;T065_N03_C06
925;12083_6#70;T65N3_C6;ST239;ERS254782;94.62;current;T065_N03_C07
926;12083_6#71;T65N3_C7;ST239;ERS254783;99;current;T065_N03_C08
927;12083_6#72;T65N3_C8;ST239;ERS254784;92.76;current;T065_N03_C09
928;12378_8#33;T65T3;ST239;ERS255313;109.23;current;T065_T03_C01
929;5704_7#8;T69N1;NA;ERS008054;131.4;Tong;T069_N01_C01
930;12378_8#34;T71C2;ST239;ERS255314;108.96;current;T071_C02_C01
931;12378_8#35;T71C3;ST239;ERS255315;128.2;current;T071_C03_C01
932;5704_8#4;T71N2;NA;ERS008053;416.3;Tong;T071_N02_C01
933;5704_8#3;T71N3;NA;ERS008052;298.2;Tong;T071_N03_C01
934;12054_7#1;T71N3_C1;ST239;ERS254807;106.47;current;T071_N03_C02
935;12083_6#73;T71N4_C1;ST239;ERS254785;85.5;current;T071_N04_C01
936;12083_6#74;T71N4_C2;ST239;ERS254786;78.4;current;T071_N04_C02
937;12083_6#75;T71N4_C3;ST239;ERS254787;93.27;current;T071_N04_C03
938;12083_6#76;T71N4_C4;ST239;ERS254788;90.75;current;T071_N04_C04
939;12083_6#77;T71N4_C5;ST239;ERS254789;88.89;current;T071_N04_C05
940;12083_6#78;T71N4_C6;ST239;ERS254790;91.53;current;T071_N04_C06
941;12083_6#79;T71N4_C7;ST239;ERS254791;93.03;current;T071_N04_C07
942;12083_6#80;T71N4_C8;ST239;ERS254792;91.38;current;T071_N04_C08
943;5704_8#2;T73N1;NA;ERS008051;283.6;Tong;T073_N01_C01
944;12378_8#36;T75A2;ST239;ERS255316;120.8;current;T075_A02_C01
945;5227_2#12;T77N2;NA;ERS008050;83.1;Tong;T077_N02_C01
946;5704_7#7;T87C1;NA;ERS008049;57;Tong;T087_C01_C01
947;10702_4#35;T92N3_C5;ST239;ERS254805;143.25;current;T092_N03_C01
948;12083_6#89;T92N3_C1;ST239;ERS254801;87.15;current;T092_N03_C02
949;12083_6#90;T92N3_C2;ST239;ERS254802;87.24;current;T092_N03_C03
950;12083_6#91;T92N3_C3;ST239;ERS254803;90.27;current;T092_N03_C04
951;12083_6#92;T92N3_C4;ST239;ERS254804;86.37;current;T092_N03_C05
952;12083_8#55;T92N3_C6;ST239;ERS255148;113.76;current;T092_N03_C06
953;12083_8#56;T92N3_C7;ST239;ERS255149;112.12;current;T092_N03_C07
954;12083_8#57;T92N3_C8;ST239;ERS255150;127.56;current;T092_N03_C08
955;5227_2#9;T92N4;NA;ERS008047;65.8;Tong;T092_N04_C01
956;5227_2#10;T92T1;NA;ERS008048;72.2;Tong;T092_T01_C01
957;12378_8#37;T92T2;ST239;ERS255317;127.84;current;T092_T02_C01
958;12378_8#38;T92T3;ST239;ERS255318;117.84;current;T092_T03_C01
959;5227_2#8;T95N1;NA;ERS008046;51.5;Tong;T095_N01_C01
960;12054_7#2;T95N1_C1;ST239;ERS254808;99.33;current;T095_N01_C02
961;12054_7#3;T95N1_C2;ST239;ERS254809;110.68;current;T095_N01_C03
962;12054_7#4;T95N1_C3;ST239;ERS254810;104.79;current;T095_N01_C04
963;12054_7#5;T95N1_C4;ST239;ERS254811;106.71;current;T095_N01_C05
964;12054_7#6;T95N1_C5;ST239;ERS254812;117.76;current;T095_N01_C06
965;12054_7#7;T95N1_C6;ST239;ERS254813;132.48;current;T095_N01_C07
966;12054_7#8;T95N1_C7;ST239;ERS254814;125.96;current;T095_N01_C08
967;12054_7#9;T95N1_C8;ST239;ERS254815;118.08;current;T095_N01_C09
968;5704_8#1;T95N2;NA;ERS008045;269.5;Tong;T095_N02_C01
969;12378_8#39;T95T1;ST239;ERS255319;121.04;current;T095_T01_C01
970;5704_7#6;T99N5;NA;ERS008044;116.4;Tong;T099_N05_C01
971;12054_7#10;T99N5_C1;ST239;ERS254816;109.65;current;T099_N05_C02
972;12054_7#11;T99N5_C2;ST239;ERS254817;108.63;current;T099_N05_C03
973;12054_7#12;T99N5_C3;ST239;ERS254818;107.04;current;T099_N05_C04
974;12054_7#13;T99N5_C4;ST239;ERS254819;110.48;current;T099_N05_C05
975;12054_7#14;T99N5_C5;ST239;ERS254820;131.48;current;T099_N05_C06
976;12054_7#15;T99N5_C6;ST239;ERS254821;125.68;current;T099_N05_C07
977;12054_7#16;T99N5_C7;ST239;ERS254822;127.04;current;T099_N05_C08
978;12054_7#17;T99N5_C8;ST239;ERS254823;122.92;current;T099_N05_C09
979;5227_2#5;T99N7;NA;ERS008043;85.1;Tong;T099_N07_C01
980;12054_7#18;T99N7_C1;ST239;ERS254824;126.52;current;T099_N07_C02
981;12054_7#19;T99N7_C2;ST239;ERS254825;129.76;current;T099_N07_C03
982;12054_7#20;T99N7_C3;ST239;ERS254826;120.68;current;T099_N07_C04
983;12054_7#21;T99N7_C4;ST239;ERS254827;121.44;current;T099_N07_C05
984;12054_7#22;T99N7_C5;ST239;ERS254828;130.56;current;T099_N07_C06
985;12054_7#23;T99N7_C6;ST239;ERS254829;136.08;current;T099_N07_C07
986;12054_7#24;T99N7_C7;ST239;ERS254830;127.48;current;T099_N07_C08
987;12054_7#25;T99N7_C8;ST239;ERS254831;108.69;current;T099_N07_C09
988;12378_8#40;T99W1;ST239;ERS255320;113.52;current;T099_W01_C01
989;12162_7#90;T9A4;ST239;ERS255277;92.55;current;T009_A04_C01
990;4950_2#1;T9N3;NA;ERS008005;220.5;Tong;T009_N03_C01
991;12083_8#89;T9N7_C1;ST239;ERS255182;107.22;current;T009_N07_C01
992;12083_8#90;T9N7_C2;ST239;ERS255183;118.96;current;T009_N07_C02
993;12083_8#91;T9N7_C3;ST239;ERS255184;123.56;current;T009_N07_C03
994;12083_8#92;T9N7_C4;ST239;ERS255185;127.28;current;T009_N07_C04
995;12083_8#93;T9N7_C5;ST239;ERS255186;120.76;current;T009_N07_C05
996;12083_8#94;T9N7_C6;ST239;ERS255187;116.56;current;T009_N07_C06
997;12162_7#1;T9N7_C7;ST239;ERS255188;130.2;current;T009_N07_C07
998;12162_7#2;T9N7_C8;ST239;ERS255189;122.16;current;T009_N07_C08
999;12162_7#10;T9N8_C8;ST239;ERS255197;102.12;current;T009_N08_C01
1000;12162_7#3;T9N8_C1;ST239;ERS255190;132.32;current;T009_N08_C02
1001;12162_7#4;T9N8_C2;ST239;ERS255191;135.44;current;T009_N08_C03
1002;12162_7#5;T9N8_C3;ST239;ERS255192;132.12;current;T009_N08_C04
1003;12162_7#6;T9N8_C4;ST239;ERS255193;136.44;current;T009_N08_C05
1004;12162_7#7;T9N8_C5;ST239;ERS255194;127.2;current;T009_N08_C06
1005;12162_7#8;T9N8_C6;ST239;ERS255195;126.96;current;T009_N08_C07
1006;12162_7#9;T9N8_C7;ST239;ERS255196;118.24;current;T009_N08_C08
1007;4925_8#12;T9N9;NA;ERS008004;80.5;Tong;T009_N09_C01
1008;12162_7#11;T9N9_C1;ST239;ERS255198;117.44;current;T009_N09_C02
1009;12162_7#12;T9N9_C2;ST239;ERS255199;119.84;current;T009_N09_C03
1010;12162_7#13;T9N9_C3;ST239;ERS255200;128.48;current;T009_N09_C04
1011;12162_7#14;T9N9_C4;ST239;ERS255201;122.72;current;T009_N09_C05
1012;12162_7#15;T9N9_C5;ST239;ERS255202;126.96;current;T009_N09_C06
1013;12162_7#16;T9N9_C6;ST239;ERS255203;115.56;current;T009_N09_C07
1014;12162_7#17;T9N9_C7;ST239;ERS255204;115.16;current;T009_N09_C08
1015;12162_7#18;T9N9_C8;ST239;ERS255205;111.93;current;T009_N09_C09
1016;12162_7#91;T9T3;ST239;ERS255278;99.06;current;T009_T03_C01
1017;12162_7#92;T9T4;ST239;ERS255279;101.31;current;T009_T04_C01
1018;12162_7#93;T9T5;ST239;ERS255280;109.77;current;T009_T05_C01
1019;12378_8#1;T9T6;ST239;ERS255281;136.36;current;T009_T06_C01
