6949_5#48	S102_N01_C01
6949_5#55	S106_N01_C01
6949_5#43	S130_N01_C01
6949_5#61	S021_N01_C01
6949_5#60	S024_N01_C01
6949_5#54	S025_N01_C01
6949_5#52	S026_N01_C01
6949_5#56	S002_N01_C01
6949_5#50	S038_N01_C01
6949_5#62	S039_N01_C01
6949_5#47	S040_N01_C01
6949_5#58	S042_N01_C01
6949_5#46	S071_N01_C01
6949_5#57	S078_N01_C01
6949_5#49	S007_N01_C01
6949_5#59	S081_N01_C01
6949_5#42	S085_N01_C01
6949_5#44	S087_N01_C01
6949_5#45	S093_N01_C01
6949_5#53	S097_N01_C01
5227_2#4	T102_T02_C01
12378_8#41	T104_T01_C01
5227_2#3	T105_N01_C01
5227_2#2	T107_U02_C01
4925_8#11	T010_N11_C01
10456_6#21	T010_N11_C02
12162_7#19	T010_N11_C03
12162_7#20	T010_N11_C04
12162_7#22	T010_N11_C05
12162_7#23	T010_N11_C06
12162_7#24	T010_N11_C07
12162_7#25	T010_N11_C08
12162_7#26	T010_N11_C09
12378_8#43	T126_A12_C01
12378_8#44	T126_A15_C01
12378_8#45	T126_A17_C01
12378_8#42	T126_A03_C01
12378_8#46	T126_C01_C01
12378_8#53	T126_C10_C01
12378_8#54	T126_C11_C01
12378_8#55	T126_C12_C01
12378_8#56	T126_C13_C01
12378_8#57	T126_C15_C01
12378_8#58	T126_C16_C01
12378_8#59	T126_C17_C01
12378_8#60	T126_C18_C01
12378_8#61	T126_C19_C01
12378_8#62	T126_C20_C01
12378_8#47	T126_C03_C01
12378_8#48	T126_C04_C01
12378_8#49	T126_C05_C01
12378_8#50	T126_C06_C01
12378_8#51	T126_C07_C01
12378_8#52	T126_C09_C01
5227_1#11	T126_N01_C01
5985_1#10	T126_N01_C02
5985_1#11	T126_N01_C03
5985_1#12	T126_N01_C04
5985_2#1	T126_N01_C05
5985_2#10	T126_N01_C06
5985_2#11	T126_N01_C07
5985_2#2	T126_N01_C08
5985_2#3	T126_N01_C09
5985_2#4	T126_N01_C10
5985_2#5	T126_N01_C11
5985_2#6	T126_N01_C12
5985_2#7	T126_N01_C13
5985_2#8	T126_N01_C14
5985_2#9	T126_N01_C15
5985_3#1	T126_N01_C16
5985_3#2	T126_N01_C17
5985_3#3	T126_N01_C18
5985_3#4	T126_N01_C19
5985_3#5	T126_N01_C20
5985_3#6	T126_N01_C21
12054_7#26	T126_N01_C22
12054_7#27	T126_N01_C23
12054_7#28	T126_N01_C24
12054_7#29	T126_N01_C25
12054_7#30	T126_N01_C26
12054_7#31	T126_N01_C27
12054_7#32	T126_N01_C28
12054_7#33	T126_N01_C29
4752_7#8	T126_N10_C01
12054_7#81	T126_N10_C02
12054_7#82	T126_N10_C03
12054_7#83	T126_N10_C04
12054_7#84	T126_N10_C05
12054_7#85	T126_N10_C06
12054_7#86	T126_N10_C07
12054_7#87	T126_N10_C08
12054_7#88	T126_N10_C09
4752_7#9	T126_N11_C01
12054_7#89	T126_N11_C02
12054_7#90	T126_N11_C03
12054_7#91	T126_N11_C04
12054_7#92	T126_N11_C05
12054_7#93	T126_N11_C06
12054_7#94	T126_N11_C07
12054_8#1	T126_N11_C08
12083_7#86	T126_N11_C09
4752_7#10	T126_N12_C01
12054_8#2	T126_N12_C02
12054_8#3	T126_N12_C03
12054_8#4	T126_N12_C04
12054_8#5	T126_N12_C05
12054_8#6	T126_N12_C06
12054_8#7	T126_N12_C07
12054_8#8	T126_N12_C08
12054_8#9	T126_N12_C09
4752_7#11	T126_N13_C01
5985_5#10	T126_N13_C02
5985_5#11	T126_N13_C03
5985_5#5	T126_N13_C04
5985_5#6	T126_N13_C05
5985_5#7	T126_N13_C06
5985_5#8	T126_N13_C07
5985_5#9	T126_N13_C08
5985_6#1	T126_N13_C09
5985_6#10	T126_N13_C10
5985_6#11	T126_N13_C11
5985_6#2	T126_N13_C12
5985_6#3	T126_N13_C13
5985_6#4	T126_N13_C14
5985_6#5	T126_N13_C15
5985_6#6	T126_N13_C16
5985_6#7	T126_N13_C17
5985_6#8	T126_N13_C18
5985_6#9	T126_N13_C19
5985_7#1	T126_N13_C20
5985_7#2	T126_N13_C21
5704_7#5	T126_N14_C01
12054_8#10	T126_N14_C02
12054_8#11	T126_N14_C03
12054_8#12	T126_N14_C04
12054_8#13	T126_N14_C05
12054_8#14	T126_N14_C06
12054_8#15	T126_N14_C07
12054_8#16	T126_N14_C08
12054_8#17	T126_N14_C09
5150_8#2	T126_N15_C01
12054_8#18	T126_N15_C02
12054_8#19	T126_N15_C03
12054_8#20	T126_N15_C04
12054_8#21	T126_N15_C05
12054_8#22	T126_N15_C06
12054_8#23	T126_N15_C07
12054_8#24	T126_N15_C08
12054_8#25	T126_N15_C09
5150_8#3	T126_N16_C01
12054_8#26	T126_N16_C02
12054_8#27	T126_N16_C03
12054_8#28	T126_N16_C04
12054_8#29	T126_N16_C05
12054_8#30	T126_N16_C06
12054_8#31	T126_N16_C07
12054_8#32	T126_N16_C08
12054_8#33	T126_N16_C09
5150_8#4	T126_N17_C01
5150_8#5	T126_N18_C01
12054_8#34	T126_N18_C02
12054_8#35	T126_N18_C03
12054_8#36	T126_N18_C04
12054_8#37	T126_N18_C05
12054_8#38	T126_N18_C06
12054_8#39	T126_N18_C07
12054_8#40	T126_N18_C08
12054_8#41	T126_N18_C09
5150_8#12	T126_N19_C01
12054_8#42	T126_N19_C02
12054_8#43	T126_N19_C03
12054_8#44	T126_N19_C04
12054_8#45	T126_N19_C05
12054_8#46	T126_N19_C06
12054_8#47	T126_N19_C07
12054_8#48	T126_N19_C08
12054_7#34	T126_N02_C01
12054_7#35	T126_N02_C02
12054_7#36	T126_N02_C03
12054_7#37	T126_N02_C04
12054_7#38	T126_N02_C05
12054_7#39	T126_N02_C06
12054_7#40	T126_N02_C07
12054_7#41	T126_N02_C08
5227_1#9	T126_N20_C01
5985_7#10	T126_N20_C02
5985_7#11	T126_N20_C03
5985_7#3	T126_N20_C04
5985_7#4	T126_N20_C05
5985_7#5	T126_N20_C06
5985_7#6	T126_N20_C07
5985_7#7	T126_N20_C08
5985_7#8	T126_N20_C09
5985_7#9	T126_N20_C10
5985_8#1	T126_N20_C11
5985_8#10	T126_N20_C12
5985_8#11	T126_N20_C13
5985_8#2	T126_N20_C14
5985_8#3	T126_N20_C15
5985_8#4	T126_N20_C16
5985_8#5	T126_N20_C17
5985_8#6	T126_N20_C18
5985_8#7	T126_N20_C19
5985_8#8	T126_N20_C20
5985_8#9	T126_N20_C21
4752_7#1	T126_N03_C01
12054_7#42	T126_N03_C02
12054_7#43	T126_N03_C03
12054_7#44	T126_N03_C04
12054_7#45	T126_N03_C05
12054_7#46	T126_N03_C06
12054_7#47	T126_N03_C07
12054_7#48	T126_N03_C08
5704_7#2	T126_N04_C01
12054_7#49	T126_N04_C02
12054_7#50	T126_N04_C03
12054_7#51	T126_N04_C04
12054_7#52	T126_N04_C05
12054_7#53	T126_N04_C06
12054_7#54	T126_N04_C07
12054_7#55	T126_N04_C08
12054_7#56	T126_N04_C09
5704_7#3	T126_N05_C01
12054_7#57	T126_N05_C02
12054_7#58	T126_N05_C03
12054_7#59	T126_N05_C04
12054_7#60	T126_N05_C05
12054_7#61	T126_N05_C06
12054_7#62	T126_N05_C07
12054_7#63	T126_N05_C08
12054_7#64	T126_N05_C09
4752_7#4	T126_N06_C01
5985_3#10	T126_N06_C02
5985_3#11	T126_N06_C03
5985_3#7	T126_N06_C04
5985_3#8	T126_N06_C05
5985_3#9	T126_N06_C06
5985_4#1	T126_N06_C07
5985_4#10	T126_N06_C08
5985_4#11	T126_N06_C09
5985_4#2	T126_N06_C10
5985_4#3	T126_N06_C11
5985_4#4	T126_N06_C12
5985_4#5	T126_N06_C13
5985_4#6	T126_N06_C14
5985_4#7	T126_N06_C15
5985_4#8	T126_N06_C16
5985_4#9	T126_N06_C17
5985_5#1	T126_N06_C18
5985_5#2	T126_N06_C19
5985_5#3	T126_N06_C20
5985_5#4	T126_N06_C21
4752_7#5	T126_N07_C01
5704_7#4	T126_N08_C01
12054_7#65	T126_N08_C02
12054_7#66	T126_N08_C03
12054_7#67	T126_N08_C04
12054_7#68	T126_N08_C05
12054_7#69	T126_N08_C06
12054_7#70	T126_N08_C07
12054_7#71	T126_N08_C08
12054_7#72	T126_N08_C09
4752_7#7	T126_N09_C01
12054_7#73	T126_N09_C02
12054_7#74	T126_N09_C03
12054_7#75	T126_N09_C04
12054_7#76	T126_N09_C05
12054_7#77	T126_N09_C06
12054_7#78	T126_N09_C07
12054_7#79	T126_N09_C08
12054_7#80	T126_N09_C09
12378_8#63	T126_W04_C01
12378_8#3	T012_A11_C01
12378_8#4	T012_A14_C01
12378_8#5	T012_A17_C01
12378_8#6	T012_A18_C01
12378_8#7	T012_A24_C01
12378_8#8	T012_A28_C01
12378_8#2	T012_A07_C01
4925_8#7	T012_N01_C01
12162_7#27	T012_N01_C02
12162_7#28	T012_N01_C03
12162_7#29	T012_N01_C04
12162_7#30	T012_N01_C05
12162_7#31	T012_N01_C06
12162_7#32	T012_N01_C07
12162_7#33	T012_N01_C08
12162_7#34	T012_N01_C09
11076_2#55	T012_N10_C01
12162_7#83	T012_N10_C02
12162_7#84	T012_N10_C03
12162_7#85	T012_N10_C04
12162_7#86	T012_N10_C05
12162_7#87	T012_N10_C06
12162_7#88	T012_N10_C07
12162_7#89	T012_N10_C08
12162_6#1	T012_N11_C01
12162_6#2	T012_N11_C02
12162_6#3	T012_N11_C03
12162_6#4	T012_N11_C04
12162_6#5	T012_N11_C05
12162_6#6	T012_N11_C06
12162_6#7	T012_N11_C07
12162_6#8	T012_N11_C08
12162_6#10	T012_N12_C01
12162_6#11	T012_N12_C02
12162_6#12	T012_N12_C03
12162_6#13	T012_N12_C04
12162_6#14	T012_N12_C05
12162_6#15	T012_N12_C06
12162_6#16	T012_N12_C07
12162_6#9	T012_N12_C08
12162_6#17	T012_N13_C01
12162_6#18	T012_N13_C02
12162_6#19	T012_N13_C03
12162_6#20	T012_N13_C04
12162_6#21	T012_N13_C05
12162_6#22	T012_N13_C06
12162_6#23	T012_N13_C07
12162_6#24	T012_N13_C08
12162_6#25	T012_N14_C01
12162_6#26	T012_N14_C02
12162_6#27	T012_N14_C03
12162_6#28	T012_N14_C04
12162_6#29	T012_N14_C05
12162_6#30	T012_N14_C06
12162_6#31	T012_N14_C07
12162_6#32	T012_N15_C01
12162_6#33	T012_N15_C02
12162_6#34	T012_N15_C03
12162_6#35	T012_N15_C04
12162_6#36	T012_N15_C05
12162_6#37	T012_N15_C06
12162_6#38	T012_N15_C07
12162_6#39	T012_N15_C08
12162_6#40	T012_N16_C01
12162_6#41	T012_N16_C02
12162_6#42	T012_N16_C03
12162_6#43	T012_N16_C04
12162_6#44	T012_N16_C05
12162_6#45	T012_N16_C06
12162_6#46	T012_N16_C07
12162_6#47	T012_N16_C08
12162_6#48	T012_N17_C01
12162_6#49	T012_N17_C02
12162_6#50	T012_N17_C03
12162_6#51	T012_N17_C04
12162_6#52	T012_N17_C05
12162_6#53	T012_N17_C06
12162_6#54	T012_N17_C07
12162_6#55	T012_N17_C08
12162_6#56	T012_N18_C01
12162_6#57	T012_N18_C02
12162_6#58	T012_N18_C03
12162_6#59	T012_N18_C04
12162_6#60	T012_N18_C05
12162_6#61	T012_N18_C06
12162_6#62	T012_N18_C07
12162_6#63	T012_N18_C08
12162_6#64	T012_N19_C01
12162_6#65	T012_N19_C02
12162_6#66	T012_N19_C03
12162_6#67	T012_N19_C04
12162_6#68	T012_N19_C05
12162_6#69	T012_N19_C06
12162_6#70	T012_N19_C07
12162_6#71	T012_N19_C08
12162_7#35	T012_N02_C01
12162_7#36	T012_N02_C02
12162_7#37	T012_N02_C03
12162_7#38	T012_N02_C04
12162_7#39	T012_N02_C05
12162_7#40	T012_N02_C06
12162_7#41	T012_N02_C07
12162_7#42	T012_N02_C08
12162_6#72	T012_N20_C01
12162_6#73	T012_N20_C02
12162_6#74	T012_N20_C03
12162_6#75	T012_N20_C04
12162_6#76	T012_N20_C05
12162_6#77	T012_N20_C06
12162_6#78	T012_N20_C07
12162_6#79	T012_N20_C08
12162_6#80	T012_N21_C01
12162_6#81	T012_N21_C02
12162_6#82	T012_N21_C03
12162_6#83	T012_N21_C04
12162_6#84	T012_N21_C05
12162_6#85	T012_N21_C06
12162_6#86	T012_N21_C07
12162_6#87	T012_N21_C08
12083_6#94	T012_N22_C01
12162_6#88	T012_N22_C02
12162_6#89	T012_N22_C03
12162_6#90	T012_N22_C04
12162_6#91	T012_N22_C05
12162_6#92	T012_N22_C06
12162_6#93	T012_N22_C07
12162_6#94	T012_N22_C08
4925_8#6	T012_N24_C01
12083_6#1	T012_N25_C01
12083_6#2	T012_N25_C02
12083_6#3	T012_N25_C03
12083_6#4	T012_N25_C04
12083_6#5	T012_N25_C05
12083_6#6	T012_N25_C06
12083_6#7	T012_N25_C07
12083_6#8	T012_N25_C08
12083_6#10	T012_N26_C01
12083_6#11	T012_N26_C02
12083_6#12	T012_N26_C03
12083_6#13	T012_N26_C04
12083_6#14	T012_N26_C05
12083_6#15	T012_N26_C06
12083_6#16	T012_N26_C07
12083_6#9	T012_N26_C08
12083_6#17	T012_N27_C01
12083_6#18	T012_N27_C02
12083_6#19	T012_N27_C03
12083_6#20	T012_N27_C04
12083_6#21	T012_N27_C05
12083_6#22	T012_N27_C06
12083_6#23	T012_N27_C07
12083_6#24	T012_N27_C08
4925_8#5	T012_N28_C01
12083_6#25	T012_N28_C02
12083_6#26	T012_N28_C03
12083_6#27	T012_N28_C04
12083_6#28	T012_N28_C05
12083_6#29	T012_N28_C06
12083_6#30	T012_N28_C07
12083_6#31	T012_N28_C08
12083_6#32	T012_N28_C09
12162_7#43	T012_N04_C01
12162_7#44	T012_N04_C02
12162_7#45	T012_N04_C03
12162_7#46	T012_N04_C04
12162_7#47	T012_N04_C05
12162_7#48	T012_N04_C06
12162_7#49	T012_N04_C07
12162_7#50	T012_N04_C08
12162_7#51	T012_N05_C01
12162_7#52	T012_N05_C02
12162_7#53	T012_N05_C03
12162_7#54	T012_N05_C04
12162_7#55	T012_N05_C05
12162_7#56	T012_N05_C06
12162_7#57	T012_N05_C07
12162_7#58	T012_N05_C08
12162_7#59	T012_N06_C01
12162_7#60	T012_N06_C02
12162_7#61	T012_N06_C03
12162_7#62	T012_N06_C04
12162_7#63	T012_N06_C05
12162_7#64	T012_N06_C06
12162_7#65	T012_N06_C07
12162_7#66	T012_N06_C08
12162_7#67	T012_N07_C01
12162_7#68	T012_N07_C02
12162_7#69	T012_N07_C03
12162_7#70	T012_N07_C04
12162_7#71	T012_N07_C05
12162_7#72	T012_N07_C06
12162_7#73	T012_N07_C07
12162_7#74	T012_N07_C08
12162_7#75	T012_N09_C01
12162_7#76	T012_N09_C02
12162_7#77	T012_N09_C03
12162_7#78	T012_N09_C04
12162_7#79	T012_N09_C05
12162_7#80	T012_N09_C06
12162_7#81	T012_N09_C07
12162_7#82	T012_N09_C08
12378_8#17	T012_T10_C01
12378_8#18	T012_T11_C01
12378_8#19	T012_T12_C01
12378_8#20	T012_T13_C01
12378_8#21	T012_T14_C01
12378_8#22	T012_T15_C01
12378_8#23	T012_T16_C01
12378_8#24	T012_T17_C01
12378_8#25	T012_T18_C01
12378_8#26	T012_T19_C01
12378_8#9	T012_T02_C01
12378_8#27	T012_T20_C01
12378_8#28	T012_T21_C01
12378_8#29	T012_T25_C01
12378_8#30	T012_T27_C01
12378_8#10	T012_T03_C01
12378_8#11	T012_T04_C01
12378_8#12	T012_T05_C01
12378_8#13	T012_T06_C01
12378_8#14	T012_T07_C01
12378_8#15	T012_T08_C01
12378_8#16	T012_T09_C01
12378_8#70	T137_C03_C01
12083_7#1	T137_N10_C01
12083_7#2	T137_N10_C02
12083_7#3	T137_N10_C03
12083_7#4	T137_N10_C04
12083_7#5	T137_N10_C05
12083_7#6	T137_N10_C06
12083_7#7	T137_N10_C07
12083_7#8	T137_N10_C08
12083_7#10	T137_N11_C01
12083_7#11	T137_N11_C02
12083_7#12	T137_N11_C03
12083_7#13	T137_N11_C04
12083_7#14	T137_N11_C05
12083_7#15	T137_N11_C06
12083_7#9	T137_N11_C07
5227_1#7	T137_N12_C01
10456_5#17	T137_N12_C02
10456_5#18	T137_N12_C03
12083_7#16	T137_N12_C04
12083_7#19	T137_N12_C05
12083_7#20	T137_N12_C06
12083_7#21	T137_N12_C07
12083_7#22	T137_N12_C08
12083_7#23	T137_N12_C09
5227_1#8	T137_N03_C01
12054_8#49	T137_N04_C01
12054_8#50	T137_N04_C02
12054_8#51	T137_N04_C03
12054_8#52	T137_N04_C04
12054_8#53	T137_N04_C05
12054_8#54	T137_N04_C06
12054_8#55	T137_N04_C07
12054_8#56	T137_N05_C01
12054_8#57	T137_N05_C02
12054_8#58	T137_N05_C03
12054_8#59	T137_N05_C04
12054_8#60	T137_N05_C05
12054_8#61	T137_N05_C06
12054_8#62	T137_N05_C07
12054_8#63	T137_N05_C08
12054_8#64	T137_N06_C01
12054_8#65	T137_N06_C02
12054_8#66	T137_N06_C03
12054_8#67	T137_N06_C04
12054_8#68	T137_N06_C05
12054_8#69	T137_N06_C06
12054_8#70	T137_N06_C07
12054_8#71	T137_N06_C08
12054_8#72	T137_N07_C01
12054_8#73	T137_N07_C02
12054_8#74	T137_N07_C03
12054_8#75	T137_N07_C04
12054_8#76	T137_N07_C05
12054_8#77	T137_N07_C06
12054_8#78	T137_N07_C07
12054_8#79	T137_N07_C08
12054_8#80	T137_N08_C01
12054_8#81	T137_N08_C02
12054_8#82	T137_N08_C03
12054_8#83	T137_N08_C04
12054_8#84	T137_N08_C05
12054_8#85	T137_N08_C06
12054_8#86	T137_N08_C07
12054_8#87	T137_N08_C08
12054_8#88	T137_N09_C01
12054_8#89	T137_N09_C02
12054_8#90	T137_N09_C03
12054_8#91	T137_N09_C04
12054_8#92	T137_N09_C05
12054_8#93	T137_N09_C06
12054_8#94	T137_N09_C07
12083_7#87	T137_N09_C08
12378_8#64	T137_T03_C01
12378_8#65	T137_T04_C01
12378_8#66	T137_T05_C01
12378_8#67	T137_T06_C01
12378_8#68	T137_T07_C01
12378_8#69	T137_T08_C01
12378_8#31	T013_A01_C01
12378_8#32	T014_A01_C01
5227_1#6	T156_W03_C01
12378_8#71	T159_A08_C01
12378_8#72	T159_C07_C01
12378_8#73	T159_C08_C01
5227_1#3	T159_N04_C01
12083_7#24	T159_N04_C02
12083_7#25	T159_N04_C03
12083_7#26	T159_N04_C04
12083_7#27	T159_N04_C05
12083_7#28	T159_N04_C06
12083_7#29	T159_N04_C07
12083_7#30	T159_N04_C08
12083_7#31	T159_N04_C09
12083_7#32	T159_N05_C01
12083_7#33	T159_N05_C02
12083_7#34	T159_N05_C03
12083_7#35	T159_N05_C04
12083_7#36	T159_N05_C05
12083_7#37	T159_N05_C06
12083_7#38	T159_N05_C07
12083_7#39	T159_N05_C08
12083_7#40	T159_N06_C01
12083_7#41	T159_N06_C02
12083_7#42	T159_N06_C03
12083_7#43	T159_N06_C04
12083_7#44	T159_N06_C05
12083_7#45	T159_N06_C06
12083_7#46	T159_N06_C07
12083_7#47	T159_N06_C08
12083_7#48	T159_N07_C01
12083_7#49	T159_N07_C02
12083_7#50	T159_N07_C03
12083_7#51	T159_N07_C04
12083_7#52	T159_N07_C05
12083_7#53	T159_N07_C06
12083_7#54	T159_N07_C07
5227_1#2	T159_N08_C01
12083_7#55	T159_N08_C02
12083_7#56	T159_N08_C03
12083_7#57	T159_N08_C04
12083_7#58	T159_N08_C05
12083_7#59	T159_N08_C06
12083_7#60	T159_N08_C07
12083_7#61	T159_N08_C08
12083_7#62	T159_N08_C09
12083_7#63	T159_N08_C10
12083_8#82	T159_N08_C11
4950_3#12	T178_N03_C01
12378_8#74	T178_T02_C01
4950_3#11	T182_N01_C01
12378_8#75	T183_A08_C01
4950_3#10	T183_N02_C01
12083_7#64	T183_N02_C02
12083_7#65	T183_N02_C03
12083_7#66	T183_N02_C04
12083_7#67	T183_N02_C05
12083_7#68	T183_N02_C06
12083_7#69	T183_N02_C07
12083_7#70	T183_N02_C08
12083_7#71	T183_N02_C09
12083_7#72	T183_N03_C01
12083_7#73	T183_N03_C02
12083_7#74	T183_N03_C03
12083_7#75	T183_N03_C04
12083_7#76	T183_N03_C05
12083_7#77	T183_N03_C06
12083_7#78	T183_N03_C07
12083_7#79	T183_N03_C08
12083_7#80	T183_N05_C01
12083_7#81	T183_N05_C02
12083_8#83	T183_N05_C03
12083_8#84	T183_N05_C04
12083_8#85	T183_N05_C05
12083_8#86	T183_N05_C06
12083_8#87	T183_N05_C07
12083_8#88	T183_N05_C08
12083_7#88	T183_N06_C01
12083_7#89	T183_N06_C02
12083_7#90	T183_N06_C03
12083_7#91	T183_N06_C04
12083_7#92	T183_N06_C05
12083_7#93	T183_N06_C06
12083_7#94	T183_N06_C07
4950_3#9	T183_N08_C01
12083_7#82	T183_N08_C02
12083_7#83	T183_N08_C03
12083_7#84	T183_N08_C04
12083_7#85	T183_N08_C05
12083_8#50	T183_N08_C06
12083_8#51	T183_N08_C07
12083_8#52	T183_N08_C08
12083_8#53	T183_N08_C09
12378_8#76	T183_T02_C01
12378_8#77	T183_T03_C01
12378_8#78	T183_T05_C01
12378_8#79	T183_T06_C01
12378_8#80	T183_T07_C01
12378_8#81	T183_T08_C01
12378_8#82	T188_C01_C01
4950_3#8	T188_N01_C01
12162_8#1	T188_N02_C01
12162_8#2	T188_N02_C02
12162_8#3	T188_N02_C03
12162_8#4	T188_N02_C04
12162_8#5	T188_N02_C05
12162_8#6	T188_N02_C06
12378_8#92	T188_N02_C07
12378_8#93	T188_N02_C08
4950_3#7	T188_N03_C01
12162_8#10	T188_N03_C02
12162_8#11	T188_N03_C03
12162_8#12	T188_N03_C04
12162_8#13	T188_N03_C05
12162_8#14	T188_N03_C06
12162_8#7	T188_N03_C07
12162_8#8	T188_N03_C08
12162_8#9	T188_N03_C09
4950_3#6	T192_T03_C01
12378_8#83	T194_A01_C01
12378_8#87	T194_C01_C01
4950_3#5	T194_N01_C01
12162_8#15	T194_N01_C02
12162_8#16	T194_N01_C03
12162_8#17	T194_N01_C04
12162_8#18	T194_N01_C05
12162_8#19	T194_N01_C06
12162_8#20	T194_N01_C07
12162_8#21	T194_N01_C08
12162_8#22	T194_N01_C09
12162_8#23	T194_N03_C01
12162_8#24	T194_N03_C02
12162_8#25	T194_N03_C03
12162_8#26	T194_N03_C04
12162_8#27	T194_N03_C05
12162_8#28	T194_N03_C06
12162_8#29	T194_N03_C07
12162_8#30	T194_N03_C08
4950_3#4	T194_N04_C01
12162_8#31	T194_N04_C02
12162_8#32	T194_N04_C03
12162_8#33	T194_N04_C04
12162_8#34	T194_N04_C05
12162_8#35	T194_N04_C06
12162_8#36	T194_N04_C07
12162_8#37	T194_N04_C08
12162_8#38	T194_N04_C09
12378_8#84	T194_T01_C01
12378_8#85	T194_T02_C01
12378_8#86	T194_T03_C01
12378_8#88	T194_W02_C01
12378_8#89	T197_A01_C01
12378_8#90	T197_A02_C01
12378_8#91	T197_A03_C01
12083_8#78	T197_C01_C01
12083_8#65	T197_C02_C01
12083_8#64	T197_C03_C01
4950_3#3	T197_N01_C01
12162_8#39	T197_N01_C02
12162_8#40	T197_N01_C03
12162_8#41	T197_N01_C04
12162_8#42	T197_N01_C05
12162_8#43	T197_N01_C06
12162_8#44	T197_N01_C07
12162_8#45	T197_N01_C08
12162_8#46	T197_N01_C09
12162_8#47	T197_N02_C01
12162_8#48	T197_N02_C02
12162_8#49	T197_N02_C03
12162_8#50	T197_N02_C04
12162_8#51	T197_N02_C05
12162_8#52	T197_N02_C06
12162_8#53	T197_N02_C07
12162_8#54	T197_N02_C08
4950_3#2	T197_N03_C01
12162_8#55	T197_N03_C02
12162_8#56	T197_N03_C03
12162_8#57	T197_N03_C04
12162_8#58	T197_N03_C05
12162_8#59	T197_N03_C06
12162_8#60	T197_N03_C07
12162_8#61	T197_N03_C08
12162_8#62	T197_N03_C09
12083_8#63	T197_W01_C01
12083_8#62	T197_W02_C01
12083_8#61	T197_W03_C01
4925_8#4	T020_N01_C01
12083_6#33	T020_N01_C02
12083_6#34	T020_N01_C03
12083_6#35	T020_N01_C04
12083_6#36	T020_N01_C05
12083_6#37	T020_N01_C06
12083_6#38	T020_N01_C07
12083_6#39	T020_N01_C08
12083_8#54	T020_N01_C09
4925_8#3	T020_N02_C01
12083_6#41	T020_N02_C02
12083_6#42	T020_N02_C03
12083_6#43	T020_N02_C04
12083_6#44	T020_N02_C05
12083_6#45	T020_N02_C06
12083_6#46	T020_N02_C07
12083_6#47	T020_N02_C08
12083_6#48	T020_N02_C09
4925_8#2	T021_N06_C01
4950_3#1	T223_A01_C01
4925_7#12	T225_N01_C01
4925_7#11	T230_C02_C01
4925_7#9	T232_N02_C01
12162_8#71	T232_N02_C02
12162_8#72	T232_N02_C03
12162_8#73	T232_N02_C04
12162_8#74	T232_N02_C05
12162_8#75	T232_N02_C06
12162_8#76	T232_N02_C07
12162_8#77	T232_N02_C08
12162_8#78	T232_N02_C09
4925_7#10	T232_T01_C01
12083_8#59	T232_T02_C01
12083_8#68	T234_C03_C01
4925_7#7	T234_N04_C01
12162_8#79	T234_N04_C02
12162_8#80	T234_N04_C03
12162_8#81	T234_N04_C04
12162_8#82	T234_N04_C05
12162_8#83	T234_N04_C06
12162_8#84	T234_N04_C07
12162_8#85	T234_N04_C08
12162_8#86	T234_N04_C09
4925_7#8	T234_W02_C01
5150_8#10	T241_N02_C01
12083_8#67	T249_A02_C01
12083_8#66	T249_A03_C01
4925_7#5	T249_N03_C01
12083_8#1	T249_N03_C02
12162_8#87	T249_N03_C03
12162_8#88	T249_N03_C04
12162_8#89	T249_N03_C05
12162_8#90	T249_N03_C06
12162_8#91	T249_N03_C07
12162_8#92	T249_N03_C08
12162_8#93	T249_N03_C09
4925_7#6	T249_T01_C01
12083_8#77	T249_T02_C01
12083_8#76	T249_T03_C01
4925_7#4	T270_U01_C01
12083_8#75	T271_A03_C01
4925_7#3	T271_C01_C01
12083_8#2	T271_N03_C01
12083_8#3	T271_N03_C02
12083_8#4	T271_N03_C03
12083_8#5	T271_N03_C04
12083_8#6	T271_N03_C05
12083_8#7	T271_N03_C06
12083_8#8	T271_N03_C07
12083_8#9	T271_N03_C08
4925_7#2	T271_N04_C01
12083_8#10	T271_N04_C02
12083_8#11	T271_N04_C03
12083_8#12	T271_N04_C04
12083_8#13	T271_N04_C05
12083_8#14	T271_N04_C06
12083_8#15	T271_N04_C07
12083_8#16	T271_N04_C08
12083_8#17	T271_N04_C09
12083_8#74	T271_T01_C01
12083_8#73	T271_T02_C01
12083_8#58	T271_T03_C01
12083_8#80	T271_W04_C01
5704_8#5	T028_C02_C01
4925_6#9	T301_T02_C01
4925_6#8	T303_N03_C01
12083_8#79	T322_C02_C01
4925_6#7	T322_N02_C01
4925_6#6	T327_N02_C01
12083_8#18	T327_N02_C02
12083_8#19	T327_N02_C03
12083_8#20	T327_N02_C04
12083_8#21	T327_N02_C05
12083_8#22	T327_N02_C06
12083_8#23	T327_N02_C07
12083_8#24	T327_N02_C08
12083_8#25	T327_N02_C09
12083_8#81	T327_T01_C01
12083_8#26	T330_N01_C01
12083_8#27	T330_N01_C02
12083_8#28	T330_N01_C03
12083_8#29	T330_N01_C04
12083_8#30	T330_N01_C05
12083_8#31	T330_N01_C06
12083_8#32	T330_N01_C07
12083_8#33	T330_N01_C08
4925_6#5	T330_T01_C01
4925_6#4	T335_A02_C01
4925_6#3	T341_T01_C01
5150_8#11	T353_N01_C01
12083_8#72	T358_C01_C01
12083_8#71	T358_C02_C01
4925_6#2	T358_N01_C01
12083_8#34	T358_N01_C02
12083_8#35	T358_N01_C03
12083_8#36	T358_N01_C04
12083_8#37	T358_N01_C05
12083_8#38	T358_N01_C06
12083_8#39	T358_N01_C07
12083_8#40	T358_N01_C08
12083_8#41	T358_N01_C09
4925_6#1	T358_N02_C01
12083_8#42	T358_N02_C02
12083_8#43	T358_N02_C03
12083_8#44	T358_N02_C04
12083_8#45	T358_N02_C05
12083_8#46	T358_N02_C06
12083_8#47	T358_N02_C07
12083_8#48	T358_N02_C08
12083_8#49	T358_N02_C09
12083_8#70	T358_W01_C01
12083_8#69	T358_W02_C01
5704_7#12	T035_N02_C01
5704_7#11	T035_N04_C01
12083_6#40	T035_N04_C02
5150_8#9	T040_N01_C01
5150_8#1	T056_H01_C01
5150_8#6	T059_N01_C01
5150_8#7	T059_N02_C01
12083_6#49	T059_N02_C02
12083_6#50	T059_N02_C03
12083_6#51	T059_N02_C04
12083_6#52	T059_N02_C05
12083_6#53	T059_N02_C06
12083_6#54	T059_N02_C07
12083_6#55	T059_N02_C08
12083_6#56	T059_N02_C09
5150_8#8	T059_N03_C01
12083_6#57	T059_N03_C02
12083_6#58	T059_N03_C03
12083_6#59	T059_N03_C04
12083_6#60	T059_N03_C05
12083_6#61	T059_N03_C06
12083_6#62	T059_N03_C07
12083_6#63	T059_N03_C08
12083_6#64	T059_N03_C09
5704_7#10	T065_N02_C01
5704_7#9	T065_N03_C01
12083_6#65	T065_N03_C02
12083_6#66	T065_N03_C03
12083_6#67	T065_N03_C04
12083_6#68	T065_N03_C05
12083_6#69	T065_N03_C06
12083_6#70	T065_N03_C07
12083_6#71	T065_N03_C08
12083_6#72	T065_N03_C09
12378_8#33	T065_T03_C01
5704_7#8	T069_N01_C01
12378_8#34	T071_C02_C01
12378_8#35	T071_C03_C01
5704_8#4	T071_N02_C01
5704_8#3	T071_N03_C01
12054_7#1	T071_N03_C02
12083_6#73	T071_N04_C01
12083_6#74	T071_N04_C02
12083_6#75	T071_N04_C03
12083_6#76	T071_N04_C04
12083_6#77	T071_N04_C05
12083_6#78	T071_N04_C06
12083_6#79	T071_N04_C07
12083_6#80	T071_N04_C08
5704_8#2	T073_N01_C01
12378_8#36	T075_A02_C01
5227_2#12	T077_N02_C01
5704_7#7	T087_C01_C01
10702_4#35	T092_N03_C01
12083_6#89	T092_N03_C02
12083_6#90	T092_N03_C03
12083_6#91	T092_N03_C04
12083_6#92	T092_N03_C05
12083_8#55	T092_N03_C06
12083_8#56	T092_N03_C07
12083_8#57	T092_N03_C08
5227_2#9	T092_N04_C01
5227_2#10	T092_T01_C01
12378_8#37	T092_T02_C01
12378_8#38	T092_T03_C01
5227_2#8	T095_N01_C01
12054_7#2	T095_N01_C02
12054_7#3	T095_N01_C03
12054_7#4	T095_N01_C04
12054_7#5	T095_N01_C05
12054_7#6	T095_N01_C06
12054_7#7	T095_N01_C07
12054_7#8	T095_N01_C08
12054_7#9	T095_N01_C09
5704_8#1	T095_N02_C01
12378_8#39	T095_T01_C01
5704_7#6	T099_N05_C01
12054_7#10	T099_N05_C02
12054_7#11	T099_N05_C03
12054_7#12	T099_N05_C04
12054_7#13	T099_N05_C05
12054_7#14	T099_N05_C06
12054_7#15	T099_N05_C07
12054_7#16	T099_N05_C08
12054_7#17	T099_N05_C09
5227_2#5	T099_N07_C01
12054_7#18	T099_N07_C02
12054_7#19	T099_N07_C03
12054_7#20	T099_N07_C04
12054_7#21	T099_N07_C05
12054_7#22	T099_N07_C06
12054_7#23	T099_N07_C07
12054_7#24	T099_N07_C08
12054_7#25	T099_N07_C09
12378_8#40	T099_W01_C01
12162_7#90	T009_A04_C01
4950_2#1	T009_N03_C01
12083_8#89	T009_N07_C01
12083_8#90	T009_N07_C02
12083_8#91	T009_N07_C03
12083_8#92	T009_N07_C04
12083_8#93	T009_N07_C05
12083_8#94	T009_N07_C06
12162_7#1	T009_N07_C07
12162_7#2	T009_N07_C08
12162_7#10	T009_N08_C01
12162_7#3	T009_N08_C02
12162_7#4	T009_N08_C03
12162_7#5	T009_N08_C04
12162_7#6	T009_N08_C05
12162_7#7	T009_N08_C06
12162_7#8	T009_N08_C07
12162_7#9	T009_N08_C08
4925_8#12	T009_N09_C01
12162_7#11	T009_N09_C02
12162_7#12	T009_N09_C03
12162_7#13	T009_N09_C04
12162_7#14	T009_N09_C05
12162_7#15	T009_N09_C06
12162_7#16	T009_N09_C07
12162_7#17	T009_N09_C08
12162_7#18	T009_N09_C09
12162_7#91	T009_T03_C01
12162_7#92	T009_T04_C01
12162_7#93	T009_T05_C01
12378_8#1	T009_T06_C01
